Company Name,Location,Company Website
2nds Commerce Pvt Ltd,"Bangalore, Karnataka, India",https://store.2ndsmart.com
3 Point Human Capital Pvt Ltd,"Banashankari, Bangalore, India",https://3point.in
AVE Promagne,"Mumbai, New Delhi, Bengaluru",https://ave-promagne.com
Accenture,Bengaluru,https://www.accenture.com
Accenture in India,Bengaluru,https://www.accenture.com
Adit,"Bengaluru, Karnataka (Remote)",https://www.adit.com
Affinitiv,"Bessemer, AL",https://www.affinitiv.com
Aishwarya Groups,"JP Nagar, Bangalore, India",https://www.aishwaryagroup.co.in
Alation,"Redwood City, CA",https://www.alation.com
"Alertus Technologies, LLC","Baltimore, MD",https://www.alertus.com
Allegis Global Solutions,"Bengaluru, Karnataka, India",https://www.allegisgroup.com
Amazon Web Services (AWS),"Bengaluru, Karnataka, India",https://aws.amazon.com
Appknox,"Bengaluru, Karnataka, India",https://bengaluru.cataloxy.in
Arrowhead,"Bangalore,Mumbai",https://www.arrowhead.in
Ascera,"Clearwater, FL",https://www.ascera.com
AsteroidX,"Bengaluru, Karnataka, India",https://www.asteroidx.com
AsteroidX,Bangalore,https://www.asteroidx.com
Attentive.ai,"Bengaluru, Karnataka / Noida",https://attentive.ai
Autocash.ai,"Bengaluru, Karnataka, India",https://www.autocash.ai
BBB Heart of Texas,"San Antonio, TX",https://www.bbb.org
BIOS Middle East,Bengaluru,https://biomiddleeast.com
BS Talent Solutions Pvt Ltd,"HBR Layout, Bangalore, India",https://bstalent.io
BiteSpeed,"Bengaluru, Karnataka, India",https://www.bitespeed.in
Botree Software,"Gurugram District, Chennai District, Bengaluru",https://www.botreesoftware.com
Branofy,Bengaluru,https://www.branofy.com
Brivo,"Bengaluru, Karnataka, India",https://www.brivo.com
BrowserStack,"Bengaluru / Mumbai, India",https://www.browserstack.com
Care.fi,"Bengaluru, Karnataka, India",https://www.carefi.in
CashBook,Bangalore,https://www.cashbook.com
Catalysts,"Bengaluru, Karnataka, India",https://www.catalysts.com
Ceros Inc.,"New York, NY",https://www.ceros.com
Choate Agency,"Santa Monica, CA",https://www.choateagency.com
Clarks,London,https://www.clarks.com
ClearTax For Business,Bangalore,https://www.cleartax.in
ClearTax for Business,Bengaluru,https://www.cleartax.in
ClickPost,"Bengaluru, Karnataka (In-Office)",https://www.clickpost.com
Clio,"Vancouver, WA",https://www.clio.com
Codingal Technologies Private Limited,"HSR Layout, Bangalore, India",https://www.codingal.com
Coefficient,"Austin, TX",https://www.coefficient.io
Conversion,"San Francisco, CA",https://www.conversion.com
Coram AI,"Bengaluru, Karnataka, India",https://www.coramai.org
Crio.Do,"Bengaluru, Karnataka, India",https://resources.criodo.com
Crio.Do,"Bengaluru South, Karnataka, India",https://resources.criodo.com
Cube,"Bengaluru, Karnataka, India",https://www.cube.io
DHANVANTARILOKASIRI BIOTECH PRIVATE LIMITED,"Bangalore, Australia, Canada, Daman, Daman-Diu, Bhiwani, Chennai, Italy, Kamrup Metropolitan, Malaysia, Sivasagar, Gurugram, Faridabad, Japan, Ambala",https://www.portal.dlsbiotech.com
DHANVANTARILOKASIRI BIOTECH PRIVATE LIMITED,"Bangalore, Austria, Bangladesh, Andaman-Nicobar, Port Blair, Guntur, Chennai, Hyderabad, Guntakal, Kakinada, Brazil, Belgium",https://www.portal.dlsbiotech.com
DHANVANTARILOKASIRI BIOTECH PRIVATE LIMITED,"Bangalore, China, Australia, Papum Pare, Chennai, Anjaw, Nagaon, Andhra Pradesh, Vishakhapatnam, Chittoor, West Godavari, Germany, Kakinada, Brazil",https://www.portal.dlsbiotech.com
DIGITALCUBE CONSULTANCY SERVICES PRIVATE LIMITED,Bangalore,https://digitalcube-cs.com
DataBeat,"Hyderabad / Bengaluru, India",https://www.databeat.io
Delhivery,Bangalore,https://www.delhivery.com
DemandNXT,"Bengaluru, Karnataka, India",https://www.demandnxt.com
DevRev,Bengaluru,https://www.devrev.com
Digivance Solutions,"Bengaluru, Karnataka, India",https://www.digivance.in
DiveIn Media,"Bengaluru, Karnataka, India",https://www.diveinmedia.com
Docyt,"Bengaluru, Karnataka, India",https://www.docyt.com
EAB,"Philadelphia, PA",https://www.eab.com
ETHOS HR MANAGEMENT AND PROJECTS LIMITED,Bangalore,https://ethosindia.com
EbizON,"Noida, Uttar Pradesh, India",https://www.ebizondigital.com
EbizON,"Noida / Bengaluru, India",https://www.ebizondigital.com
Ema,"Bengaluru, Karnataka, India",https://www.ema.com
Engati,Bengaluru,https://www.engati.in
Equis Financial,Remote / USA,https://www.equisfinancial.com
Equitas Micro Finance India Pvt Ltd,Bengaluru,https://equitas.bank.in
F5 Events and Services,"Bengaluru, Karnataka, India",https://www.f5.com
Facilities Management Express,"Columbus, OH",https://www.gofmx.com
FlytBase,Pune,https://www.flytbase.com
Fractal,"Bengaluru, Karnataka, India",https://www.fractal.in
Freshworks,"Bengaluru, Karnataka, India",https://www.freshworks.com
Genemax IT Solution Pvt Ltd,"Yelahanka Old Town, Karnataka, India",https://genemaxit.com
Generac,"Orlando, FL",https://www.generac.com
Gimbal Technologies,"Bommanahalli, Bangalore, India",https://www.gimbaltechnologies.com
Ginger Media Group,Bengaluru,https://www.gingermedia.net
Global Links,"Bangalore, Kolkata, Mumbai City, Delhi",https://www.globallinks.com
GoComet,"Bengaluru, Karnataka, India",https://www.gocomet.com
Google,Bengaluru,https://about.google
Gsoft Cloud,Kochi,https://www.gsoftcomm.net
Guidebook,"Raleigh, NC",https://www.guidebook.com
Gumlet,"Bengaluru, Karnataka, India",https://www.gumlet.com
Gumlet,Bangalore,https://www.gumlet.com
HCL Technologies,Bengaluru,https://www.hcltech.com
Horizontal Talent,Bangalore,https://www.horizontal.com
Hotelogix India Private Limited,Bengaluru,https://hotelogix.net
Howdens Joinery,"Battersea, London",https://www.howdens.com
Hubhopper,"New Delhi / Bengaluru, India",https://www.hubhopper.com
IONAGE,Bangalore,https://www.ionage.com
InFynd,"Chennai / Bengaluru, India",https://infynd.com
Indian Edu Hub,"Koramangala, Bangalore, India",https://www.indianeduhub.com
Invisia,Bengaluru,https://www.invisia.com
Jeffrey Hines State Farm Agency,"Oak Park, IL",https://www.statefarm.com
Jobs Territory Hiring For 5 C Network,Bangalore,https://www.5cnetwork.com
Jobsplan Dot Com,"Bangalore, Chennai",https://www.jobsplan.com
Jump,Remote / USA,https://www.jump.com
Jupiter Technologies,Bangalore,https://www.jupiter.com
KHS INNOVATION & ENGINEERING LLP,"Bangalore, Rajkot, Pune, Mumbai City, Delhi, Punjab, Ahmedabad",https://khslg.com
Kinetic Innovative Staffing Pty Ltd,Remote,https://www.kineticstaff.com
Klimb.io,Bangalore,https://www.klimbio.com
Kloudfuse,Bangalore,https://www.kloudfuse.com
Kodo,Mumbai,https://www.kodo.com
Kong,"Bengaluru, Karnataka, India",https://www.kong.com
LKQ / Keystone Automotive Operations,"Exeter, PA",https://www.lkqcorp.com
LWYD Interactive,Bangalore,https://www.walesinteractive.com
Leena AI,"Bengaluru, Karnataka, India",https://www.leenaai.com
Libra AI,Bangalore,https://www.libraai.in
Lifie AI,Bangalore,https://www.lifie.ai
Lifie AI,"Bengaluru, Karnataka, India",https://www.lifie.ai
MINS(Lead Generation Partner),"Bengaluru, Karnataka, India",https://minsglobal.com
Manatal,Bengaluru,https://www.manatal.com
Mareana,Bangalore,https://www.mareana.com
Mareana,"Bengaluru, Karnataka, India",https://www.mareana.com
MarketStar India (Regalix),"Bengaluru, Karnataka, India",https://www.marketstar.com
Meltwater,"Bengaluru, Karnataka, India",https://www.meltwater.com
Michael Page,"Chicago, IL",https://www.michaelpage.com
Mindlane Consulting,"Bengaluru, Karnataka, India",https://www.mindlane.nl
Muffin Media,Work From Home,https://www.muffinmedia.co
NXP Semiconductors,Bengaluru,https://www.nxp.com
Nected,Work From Home,https://www.nected.io
Netscribes,"Bengaluru, Karnataka, India",https://www.netscribes.org
NoBroker,Bengaluru,https://www.nobroker.com
NoBroker.com,"Bengaluru, Karnataka, India",https://www.nobroker.in
Observe.AI,"Bengaluru, Karnataka, India",https://www.observe.ai
Oliv AI,Work From Home,https://www.olivai.org
OpenGov,"Bengaluru, Karnataka, India",https://www.opengov.com
Opsolute,"Bengaluru, Karnataka, India",https://www.opsolute.io
PERSONAL NETWORK.,Bangalore,https://www.personalnetwork.com
Peoplebox.ai,Bengaluru,https://www.peopleboxai.com
Perennial Systems,Pune,https://www.perennialsys.com
Pidge,Work From Home,https://www.pidge.in
PineGap.ai,Bangalore,https://pinegap.ai
Planet Labs,"San Francisco, CA",https://www.planet.com
Procyon TechSolutions Private Limited,"Electronic City, Bangalore, India",https://www.procyontechsolutions.com
Progress Software,"Bengaluru, Karnataka, India",https://www.progress.com
Progress Software,"Bangalore, Karnataka, India",https://www.progress.com
Provenir,"Bengaluru, Karnataka, India",https://www.provenir.in
QnA International,"Bengaluru, Karnataka, India",https://www.qnainternational.com
Quintype Technologies Incorporation,Bangalore,https://www.quintype.com
Qwertyabcd Labs Private Limited,Bengaluru,https://www.allindiaitr.com
RAJKAMAL BARSCAN SYSTEMS PVT. LTD.,"Bangalore, Chennai, Hyderabad",https://www.rajkamalbarscansystems.com
RISA Labs,Bangalore,https://www.risa.com
Rao Edusolutions Private Limited,"Powai, Mumbai/Bombay",https://raoiitmedical.com
Recruiterflow,Bangalore,https://www.recruiterflow.com
RoomAdda Urban Solutions Pvt. Ltd.,"Koramangala, Bangalore, India",https://www.roomadda.com
Rotating Machinery Services,Remote / USA,https://www.rotatingmachinery.com
SBI Payments Services Pvt Ltd,"Bengaluru, Karnataka, India",https://www.sbipayments.com
SJ Innovation,"Goa / Bengaluru, India",https://sjinnovation.com
SV Academy,"Charlotte, NC",https://www.sv.academy
SWITCHON,BENGALURU,https://www.switchon.com
Saara,Bangalore,https://www.saara.in
SalesCode.ai,"Gurugram / Bengaluru, India",https://www.salescode.ai
SalesMonk.ai,Gurgaon,https://www.salesmonk.ai
Shifastar Technologies Pvt. Ltd.,Bengaluru,https://www.shifastar.com
Shopalyst,Bengaluru,https://www.shopalyst.com
ShuruTech,"Bengaluru, India (Remote)",https://www.shuru.tech
Siemens Digital Industries Software,"Bengaluru, Karnataka, India",https://www.siemens.com
SigmaWolf Technology Private Limited,Bangalore,https://www.sigmawolf.co
Signellent Technologies,"Mumbai,Noida",https://www.signellent.com
Signellent Technologies,Mumbai,https://www.signellent.com
SimpleGrid,"Bengaluru, Karnataka, India",https://www.simplegrid.com
Simplilearn,Bengaluru,https://www.simplilearn.com
Skill Veda,Greater Bengaluru Area,https://www.skillveda.in
Smart Working,"Bengaluru, Karnataka, India",https://www.smartworking.io
SocialFind,Bengaluru,https://www.socialfind.com
Softobiz,"Hyderabad / Bengaluru, India",https://softobiz.com
SpotDraft,"Bengaluru, Karnataka, India",https://www.spotdraft.com
Sprint,Bangalore,https://www.sprint.in
Square Yards,"Bengaluru, Karnataka, India",https://www.squareyards.com
Stripe,"Bengaluru, Karnataka, India",https://www.stripe.com
Swastiks,Bengaluru,https://www.swastiks.com
Synerfac Technical Staffing,"Baltimore, MD",https://www.synerfac.com
TEKsystems,"Creve Coeur, MO",https://www.teksystems.com
Talent Leads HR Solutions Pvt Ltd,"Bangalore, Hyderabad, Vijayawada, Mumbai City",https://talentleads.co.in
Talent Leads HR Solutions Pvt Ltd,"Bangalore, Chennai, Rajkot, Pune, Mumbai City, Surat",https://talentleads.co.in
Talent Leads HR Solutions Pvt Ltd,Bangalore,https://talentleads.co.in
TeamLease,"Bangalore, Karnataka, India",https://www.teamlease.com
TeamLease Digital,"Bengaluru, Karnataka, India",https://teamleasedigital.global
The Takeoff AI,Bangalore,https://www.thetakeoff.ai
The Takeoff AI,"Bengaluru, Karnataka, India",https://www.thetakeoff.ai
Tom James Company,"Tampa, FL",https://www.tomjames.com
ToolJet,Bangalore,https://www.tooljet.com
Toro TMS,"Chicago, IL",https://www.torotms.com
TripleDart,Extended B2B SaaS Growth Team,https://www.tripledart.com
Truva,Mumbai,https://www.truva.in
Tutorcloud.ai,Bangalore,https://tutorcloud.ai
Uber,"Bengaluru, Karnataka, India",https://www.uber.com
Ulysses Campos Insurance Agency LLC,"San Antonio, TX",https://www.statefarm.com
Uncanny Vision Solutions,Bengaluru,https://www.uncannyvision.ai
Vaco LLC,"Indianapolis, IN",https://www.vaco.com
Veeam Software,"Bengaluru, Karnataka, India",https://www.veeam.com
Volody,Bengaluru,https://www.volody.com
Volody,Bangalore,https://www.volody.com
Volopay,"Bengaluru, Karnataka, India",https://www.volopay.com
WHITE HORSE MANPOWER CONSULTANCY (P) LTD,Bangalore,https://www.whitehorsemanpower.in
WHITE HORSE MANPOWER CONSULTANCY (P) LTD,"Bangalore, Hyderabad",https://www.whitehorsemanpower.in
WHITELION,"Bengaluru, Karnataka, India",https://www.whitelion.com
WebEngage,"Bengaluru, Karnataka, India",https://webengage.com
Wells Fargo,Bengaluru,https://www.wellsfargo.com
Win in Life Academy,"Bengaluru, Karnataka, India",https://www.wininlifeacademy.com
Wipro,Bengaluru,https://www.wipro.com
Worth AI,"Orlando, FL",https://www.worth.ai
Wozku,Bangalore,https://www.wozku.com
XfilesPro,"Bengaluru, Karnataka, India",https://www.xfilespro.com
Xoxoday,Bengaluru,https://www.xoxoday.com
Yourdost,Bengaluru,https://www.yourdost.com
ZenStatement,Bangalore,https://www.zenstatement.com
ZenTrades,Pune,https://www.zentrades.in
Zenskar,Bangalore,https://www.zenskar.com
Zocdoc,"Bengaluru, Karnataka (Hybrid)",https://www.zocdoc.com
Zolo,Bangalore,https://www.zolo.com
Zzazz,Mumbai,https://www.zzazz.com
automotiveMastermind,"Bengaluru, Karnataka / Remote",https://www.automotivemastermind.com
eDataBae,"Mumbai,Navi Mumbai",https://www.edatabae.com
eFinancialCareers,London,https://www.efinancialcareers.ai
theBackspace.co,"Bengaluru, Karnataka, India",https://www.thebackspace.in
xPay,Bangalore,https://www.xpay.co
