Company Name,Location
2nds Commerce Pvt Ltd,"Bangalore, Karnataka, India"
3 Point Human Capital Pvt Ltd,"Banashankari, Bangalore, India"
AVE Promagne,"Mumbai, New Delhi, Bengaluru"
Accenture,Bengaluru
Accenture in India,Bengaluru
Adit,"Bengaluru, Karnataka (Remote)"
Affinitiv,"Bessemer, AL"
Aishwarya Groups,"JP Nagar, Bangalore, India"
Alation,"Redwood City, CA"
"Alertus Technologies, LLC","Baltimore, MD"
Allegis Global Solutions,"Bengaluru, Karnataka, India"
Amazon Web Services (AWS),"Bengaluru, Karnataka, India"
Appknox,"Bengaluru, Karnataka, India"
Arrowhead,"Bangalore,Mumbai"
Ascera,"Clearwater, FL"
AsteroidX,"Bengaluru, Karnataka, India"
AsteroidX,Bangalore
Attentive.ai,"Bengaluru, Karnataka / Noida"
Autocash.ai,"Bengaluru, Karnataka, India"
BBB Heart of Texas,"San Antonio, TX"
BIOS Middle East,Bengaluru
BS Talent Solutions Pvt Ltd,"HBR Layout, Bangalore, India"
BiteSpeed,"Bengaluru, Karnataka, India"
Botree Software,"Gurugram District, Chennai District, Bengaluru"
Branofy,Bengaluru
Brivo,"Bengaluru, Karnataka, India"
BrowserStack,"Bengaluru / Mumbai, India"
Care.fi,"Bengaluru, Karnataka, India"
CashBook,Bangalore
Catalysts,"Bengaluru, Karnataka, India"
Ceros Inc.,"New York, NY"
Choate Agency,"Santa Monica, CA"
Clarks,London
ClearTax For Business,Bangalore
ClearTax for Business,Bengaluru
ClickPost,"Bengaluru, Karnataka (In-Office)"
Clio,"Vancouver, WA"
Codingal Technologies Private Limited,"HSR Layout, Bangalore, India"
Coefficient,"Austin, TX"
Conversion,"San Francisco, CA"
Coram AI,"Bengaluru, Karnataka, India"
Crio.Do,"Bengaluru, Karnataka, India"
Crio.Do,"Bengaluru South, Karnataka, India"
Cube,"Bengaluru, Karnataka, India"
DHANVANTARILOKASIRI BIOTECH PRIVATE LIMITED,"Bangalore, Australia, Canada, Daman, Daman-Diu, Bhiwani, Chennai, Italy, Kamrup Metropolitan, Malaysia, Sivasagar, Gurugram, Faridabad, Japan, Ambala"
DHANVANTARILOKASIRI BIOTECH PRIVATE LIMITED,"Bangalore, Austria, Bangladesh, Andaman-Nicobar, Port Blair, Guntur, Chennai, Hyderabad, Guntakal, Kakinada, Brazil, Belgium"
DHANVANTARILOKASIRI BIOTECH PRIVATE LIMITED,"Bangalore, China, Australia, Papum Pare, Chennai, Anjaw, Nagaon, Andhra Pradesh, Vishakhapatnam, Chittoor, West Godavari, Germany, Kakinada, Brazil"
DIGITALCUBE CONSULTANCY SERVICES PRIVATE LIMITED,Bangalore
DataBeat,"Hyderabad / Bengaluru, India"
Delhivery,Bangalore
DemandNXT,"Bengaluru, Karnataka, India"
DevRev,Bengaluru
Digivance Solutions,"Bengaluru, Karnataka, India"
DiveIn Media,"Bengaluru, Karnataka, India"
Docyt,"Bengaluru, Karnataka, India"
EAB,"Philadelphia, PA"
ETHOS HR MANAGEMENT AND PROJECTS LIMITED,Bangalore
EbizON,"Noida, Uttar Pradesh, India"
EbizON,"Noida / Bengaluru, India"
Ema,"Bengaluru, Karnataka, India"
Engati,Bengaluru
Equis Financial,Remote / USA
Equitas Micro Finance India Pvt Ltd,Bengaluru
F5 Events and Services,"Bengaluru, Karnataka, India"
Facilities Management Express,"Columbus, OH"
FlytBase,Pune
Fractal,"Bengaluru, Karnataka, India"
Freshworks,"Bengaluru, Karnataka, India"
Genemax IT Solution Pvt Ltd,"Yelahanka Old Town, Karnataka, India"
Generac,"Orlando, FL"
Gimbal Technologies,"Bommanahalli, Bangalore, India"
Ginger Media Group,Bengaluru
Global Links,"Bangalore, Kolkata, Mumbai City, Delhi"
GoComet,"Bengaluru, Karnataka, India"
Google,Bengaluru
Gsoft Cloud,Kochi
Guidebook,"Raleigh, NC"
Gumlet,"Bengaluru, Karnataka, India"
Gumlet,Bangalore
HCL Technologies,Bengaluru
Horizontal Talent,Bangalore
Hotelogix India Private Limited,Bengaluru
Howdens Joinery,"Battersea, London"
Hubhopper,"New Delhi / Bengaluru, India"
IONAGE,Bangalore
InFynd,"Chennai / Bengaluru, India"
Indian Edu Hub,"Koramangala, Bangalore, India"
Invisia,Bengaluru
Jeffrey Hines State Farm Agency,"Oak Park, IL"
Jobs Territory Hiring For 5 C Network,Bangalore
Jobsplan Dot Com,"Bangalore, Chennai"
Jump,Remote / USA
Jupiter Technologies,Bangalore
KHS INNOVATION & ENGINEERING LLP,"Bangalore, Rajkot, Pune, Mumbai City, Delhi, Punjab, Ahmedabad"
Kinetic Innovative Staffing Pty Ltd,Remote
Klimb.io,Bangalore
Kloudfuse,Bangalore
Kodo,Mumbai
Kong,"Bengaluru, Karnataka, India"
LKQ / Keystone Automotive Operations,"Exeter, PA"
LWYD Interactive,Bangalore
Leena AI,"Bengaluru, Karnataka, India"
Libra AI,Bangalore
Lifie AI,Bangalore
Lifie AI,"Bengaluru, Karnataka, India"
MINS(Lead Generation Partner),"Bengaluru, Karnataka, India"
Manatal,Bengaluru
Mareana,Bangalore
Mareana,"Bengaluru, Karnataka, India"
MarketStar India (Regalix),"Bengaluru, Karnataka, India"
Meltwater,"Bengaluru, Karnataka, India"
Michael Page,"Chicago, IL"
Mindlane Consulting,"Bengaluru, Karnataka, India"
Muffin Media,Work From Home
NXP Semiconductors,Bengaluru
Nected,Work From Home
Netscribes,"Bengaluru, Karnataka, India"
NoBroker,Bengaluru
NoBroker.com,"Bengaluru, Karnataka, India"
Observe.AI,"Bengaluru, Karnataka, India"
Oliv AI,Work From Home
OpenGov,"Bengaluru, Karnataka, India"
Opsolute,"Bengaluru, Karnataka, India"
PERSONAL NETWORK.,Bangalore
Peoplebox.ai,Bengaluru
Perennial Systems,Pune
Pidge,Work From Home
PineGap.ai,Bangalore
Planet Labs,"San Francisco, CA"
Procyon TechSolutions Private Limited,"Electronic City, Bangalore, India"
Progress Software,"Bengaluru, Karnataka, India"
Progress Software,"Bangalore, Karnataka, India"
Provenir,"Bengaluru, Karnataka, India"
QnA International,"Bengaluru, Karnataka, India"
Quintype Technologies Incorporation,Bangalore
Qwertyabcd Labs Private Limited,Bengaluru
RAJKAMAL BARSCAN SYSTEMS PVT. LTD.,"Bangalore, Chennai, Hyderabad"
RISA Labs,Bangalore
Rao Edusolutions Private Limited,"Powai, Mumbai/Bombay"
Recruiterflow,Bangalore
RoomAdda Urban Solutions Pvt. Ltd.,"Koramangala, Bangalore, India"
Rotating Machinery Services,Remote / USA
SBI Payments Services Pvt Ltd,"Bengaluru, Karnataka, India"
SJ Innovation,"Goa / Bengaluru, India"
SV Academy,"Charlotte, NC"
SWITCHON,BENGALURU
Saara,Bangalore
SalesCode.ai,"Gurugram / Bengaluru, India"
SalesMonk.ai,Gurgaon
Shifastar Technologies Pvt. Ltd.,Bengaluru
Shopalyst,Bengaluru
ShuruTech,"Bengaluru, India (Remote)"
Siemens Digital Industries Software,"Bengaluru, Karnataka, India"
SigmaWolf Technology Private Limited,Bangalore
Signellent Technologies,"Mumbai,Noida"
Signellent Technologies,Mumbai
SimpleGrid,"Bengaluru, Karnataka, India"
Simplilearn,Bengaluru
Skill Veda,Greater Bengaluru Area
Smart Working,"Bengaluru, Karnataka, India"
SocialFind,Bengaluru
Softobiz,"Hyderabad / Bengaluru, India"
SpotDraft,"Bengaluru, Karnataka, India"
Sprint,Bangalore
Square Yards,"Bengaluru, Karnataka, India"
Stripe,"Bengaluru, Karnataka, India"
Swastiks,Bengaluru
Synerfac Technical Staffing,"Baltimore, MD"
TEKsystems,"Creve Coeur, MO"
Talent Leads HR Solutions Pvt Ltd,"Bangalore, Hyderabad, Vijayawada, Mumbai City"
Talent Leads HR Solutions Pvt Ltd,"Bangalore, Chennai, Rajkot, Pune, Mumbai City, Surat"
Talent Leads HR Solutions Pvt Ltd,Bangalore
TeamLease,"Bangalore, Karnataka, India"
TeamLease Digital,"Bengaluru, Karnataka, India"
The Takeoff AI,Bangalore
The Takeoff AI,"Bengaluru, Karnataka, India"
Tom James Company,"Tampa, FL"
ToolJet,Bangalore
Toro TMS,"Chicago, IL"
TripleDart,Extended B2B SaaS Growth Team
Truva,Mumbai
Tutorcloud.ai,Bangalore
Uber,"Bengaluru, Karnataka, India"
Ulysses Campos Insurance Agency LLC,"San Antonio, TX"
Uncanny Vision Solutions,Bengaluru
Vaco LLC,"Indianapolis, IN"
Veeam Software,"Bengaluru, Karnataka, India"
Volody,Bengaluru
Volody,Bangalore
Volopay,"Bengaluru, Karnataka, India"
WHITE HORSE MANPOWER CONSULTANCY (P) LTD,Bangalore
WHITE HORSE MANPOWER CONSULTANCY (P) LTD,"Bangalore, Hyderabad"
WHITELION,"Bengaluru, Karnataka, India"
WebEngage,"Bengaluru, Karnataka, India"
Wells Fargo,Bengaluru
Win in Life Academy,"Bengaluru, Karnataka, India"
Wipro,Bengaluru
Worth AI,"Orlando, FL"
Wozku,Bangalore
XfilesPro,"Bengaluru, Karnataka, India"
Xoxoday,Bengaluru
Yourdost,Bengaluru
ZenStatement,Bangalore
ZenTrades,Pune
Zenskar,Bangalore
Zocdoc,"Bengaluru, Karnataka (Hybrid)"
Zolo,Bangalore
Zzazz,Mumbai
automotiveMastermind,"Bengaluru, Karnataka / Remote"
eDataBae,"Mumbai,Navi Mumbai"
eFinancialCareers,London
theBackspace.co,"Bengaluru, Karnataka, India"
xPay,Bangalore
