Job Role,Company Name,Location,Date Posted,Apply Link,Company Link,No. of Applicants,Job Description,Source,website,apply_link_url
B2B Lead Generation Executive,sembark Travel software,"Jaipur, Rajasthan, India / Rajasthan, India / Jaipur, Rajasthan, India",2026-09-10,https://wellfound.com/jobs/4697821-b2b-lead-generation-executive,https://sembark.com/,Actively Hiring,"Salary: INR 25000.0 - 40000.0 | Role: B2B Lead Generation Executive | Company: sembark Travel software | Location: Jaipur, Rajasthan, India / Rajasthan, India / Jaipur, Rajasthan, India",Wellfound,https://sembark.com/,https://wellfound.com/jobs/4697821-b2b-lead-generation-executive
Sales Development Specialist,Briidge.one,"Atlanta, Georgia, United States / Austin, Texas, United States / Boston, Massachusetts, United States / California, United States / Chicago, Illinois, United States / Dallas, Texas, United States / Denver, Colorado, United States / Los Angeles, California, United States / Miami, Florida, United States / Missouri, United States / New York, New York, United States / Ohio, United States / Pennsylvania, United States / Philadelphia, Pennsylvania, United States / Phoenix, Arizona, United States / San Diego, California, United States / Seattle, Washington, United States / Texas, United States / Virginia, United States / Washington, District of Columbia, United States / San Francisco, California, United States / San Jose, California, United States / England, United Kingdom / Berkeley, California, United States / Florida, United States / Toronto, Ontario, Canada / Las Vegas, Nevada, United States / Amsterdam, North Holland, Netherlands / Montreal, Québec, Canada / Manchester, England, United Kingdom / New Jersey, United States / Ontario, Canada / Melbourne, Victoria, Australia / Washington, United States / Colorado, United States / Kentucky, United States / San Mateo, California, United States / Georgia, United States / Calgary, Alberta, Canada / Alberta, Canada / Stockholm, Stockholm County, Sweden / Nevada, United States / Los Altos, California, United States / Montana, United States / Alaska, United States / Rio de Janeiro, State of Rio de Janeiro, Brazil / Hawaii, United States / New York, United States / Perth, Western Australia, Australia / Sydney, New South Wales, Australia / Naples, Florida, United States / Lombardy, Italy / Edinburgh, Scotland, United Kingdom / Livermore, California, United States / Virginia Beach, Virginia, United States / Brisbane, Queensland, Australia / Birmingham, England, United Kingdom / Stuttgart, Baden-Württemberg, Germany / Los Gatos, California, United States / State of São Paulo, Brazil / Eindhoven, North Brabant, Netherlands / Glasgow, Scotland, United Kingdom / Rotterdam, South Holland, Netherlands / Adelaide, South Australia, Australia / Liverpool, England, United Kingdom / Dundee, Scotland, United Kingdom / Canberra, Australian Capital Territory, Australia / California City, California, United States / California, United States / New South Wales, Australia / England, United Kingdom / State of Santa Catarina, Brazil / California, United States / Las Vegas, Nevada, United States / Washington, Texas, United States",2026-08-31,https://wellfound.com/jobs/4656830-lead-generation-executive-clone,https://www.briidge.one,Actively Hiring,"Salary: USD 30000.0 - 50000.0 | Role: Sales Development Specialist | Company: Briidge.one | Location: Atlanta, Georgia, United States / Austin, Texas, United States / Boston, Massachusetts, United States / California, United States / Chicago, Illinois, United States / Dallas, Texas, United States / Denver, Colorado, United States / Los Angeles, Cal",Wellfound,https://www.briidge.one,https://wellfound.com/jobs/4656830-lead-generation-executive-clone
Business Development Manager (B2B Field Sales),AdvanzIT Technologies,"Karnataka, India",2026-09-07,https://wellfound.com/jobs/4688435-business-development-manager-b2b-field-sales,https://advanzit.ai/,Actively Hiring,"Salary: INR 20000.0 - 90000.0 | Role: Business Development Manager (B2B Field Sales) | Company: AdvanzIT Technologies | Location: Karnataka, India",Wellfound,https://advanzit.ai/,https://wellfound.com/jobs/4688435-business-development-manager-b2b-field-sales
Sales Development Representative (SDR),HolmesOps.AI,"Bengaluru, Karnataka, India / Delhi, India / Hyderabad, Telangana, India / Mumbai, Maharashtra, India / New Delhi, Delhi, India",2026-09-02,https://wellfound.com/jobs/4664484-sales-development-representative-sdr,https://holmesops.ai,Actively Hiring,"Salary: INR 800000.0 - 1500000.0 | Role: Sales Development Representative (SDR) | Company: HolmesOps.AI | Location: Bengaluru, Karnataka, India / Delhi, India / Hyderabad, Telangana, India / Mumbai, Maharashtra, India / New Delhi, Delhi, India",Wellfound,https://holmesops.ai,https://wellfound.com/jobs/4664484-sales-development-representative-sdr
Sales Development Representative (SDR) | Founding Team,Blinkins Media,"Mumbai, Maharashtra, India",2026-08-19,https://wellfound.com/jobs/4607023-sales-development-representative-sdr-founding-team,https://blinkins.media,Actively Hiring,"Salary: INR 300000.0 - 400000.0 | Role: Sales Development Representative (SDR) | Founding Team | Company: Blinkins Media | Location: Mumbai, Maharashtra, India",Wellfound,https://blinkins.media,https://wellfound.com/jobs/4607023-sales-development-representative-sdr-founding-team
Business Development Executive (Brand Partnerships),Midnight Media,"Delhi, India / Mumbai, Maharashtra, India / Maharashtra, India / Thane, Maharashtra, India / Navi Mumbai, Maharashtra, India / Karnataka, India",2026-08-06,https://wellfound.com/jobs/4557441-business-development-executive-brand-partnerships,https://midnightmedia.in,Actively Hiring,"Salary: INR 5000.0 - 15000.0 | Role: Business Development Executive (Brand Partnerships) | Company: Midnight Media | Location: Delhi, India / Mumbai, Maharashtra, India / Maharashtra, India / Thane, Maharashtra, India / Navi Mumbai, Maharashtra, India / Karnataka, India",Wellfound,https://midnightmedia.in,https://wellfound.com/jobs/4557441-business-development-executive-brand-partnerships
Business Development Associate,YipitData,Remote / Various,2026-08-21,https://wellfound.com/jobs/4616133-business-development-associate,https://yipitdata.com/,Actively Hiring,Salary: USD 70000.0 - 70000.0 | Role: Business Development Associate | Company: YipitData | Location: Remote / Various,Wellfound,https://yipitdata.com/,https://wellfound.com/jobs/4616133-business-development-associate
Lead Generation- Meta Ads Specialist,Mayura Consultancy Services,"Karnataka, India",2026-06-26,https://wellfound.com/jobs/4395751-lead-generation-ppc-specialist,http://mayuraconsultancy.com,Actively Hiring,"Salary: INR 400000.0 - 600000.0 | Role: Lead Generation- Meta Ads Specialist | Company: Mayura Consultancy Services | Location: Karnataka, India",Wellfound,http://mayuraconsultancy.com,https://wellfound.com/jobs/4395751-lead-generation-ppc-specialist
Business Development Representative,Recruiterflow,"Bengaluru, Karnataka, India",2026-09-02,https://wellfound.com/jobs/4664433-business-development-representative,https://recruiterflow.com/,Actively Hiring,"Role: Business Development Representative | Company: Recruiterflow | Location: Bengaluru, Karnataka, India",Wellfound,https://recruiterflow.com/,https://wellfound.com/jobs/4664433-business-development-representative
BUSINESS DEVELOPMENT & MARKET EXPANSION LEAD,Friss India,"California, United States / Dubai, United Arab Emirates / New York, New York, United States / California, United States / Washington, District of Columbia, United States / Alberta, Canada / Hyderabad, Telangana, India / United Arab Emirates",2026-09-14,https://wellfound.com/jobs/4716575-business-development-market-expansion-lead,https://www.frissindia.in,Actively Hiring,"Salary: USD 30000.0 - 60000.0 | Role: BUSINESS DEVELOPMENT & MARKET EXPANSION LEAD | Company: Friss India | Location: California, United States / Dubai, United Arab Emirates / New York, New York, United States / California, United States / Washington, District of Columbia, United States / Alberta, Canada / Hyderabad, Telangana, India / United Arab",Wellfound,https://www.frissindia.in,https://wellfound.com/jobs/4716575-business-development-market-expansion-lead
Business Development Executive,Weborbitlab,India,2026-07-17,https://wellfound.com/jobs/4480917-business-development-executive,https://weborbitlab.com,Actively Hiring,Salary: USD 20000.0 - 100000.0 | Role: Business Development Executive | Company: Weborbitlab | Location: India,Wellfound,https://weborbitlab.com,https://wellfound.com/jobs/4480917-business-development-executive
Sales development Representative,Velocity,"Karnataka, India",2026-08-12,https://wellfound.com/jobs/4577356-sales-development-representative,https://www.velocity.in,Actively Hiring,"Salary: INR 45000.0 - 60000.0 | Role: Sales development Representative | Company: Velocity | Location: Karnataka, India",Wellfound,https://www.velocity.in,https://wellfound.com/jobs/4577356-sales-development-representative
Lead Generation Executive,hotReloads,"Bengaluru, Karnataka, India",2026-09-09,https://wellfound.com/jobs/4691323-lead-generation-executive,https://hotreloads.com,Actively Hiring,"Salary: INR 400000.0 - 700000.0 | Role: Lead Generation Executive | Company: hotReloads | Location: Bengaluru, Karnataka, India",Wellfound,https://hotreloads.com,https://wellfound.com/jobs/4691323-lead-generation-executive
🚀 Sales Partner / Lead Generation Contractor — 30% Recurring Commission,Hostvia,"Bengaluru, Karnataka, India / Gurgaon, Haryana, India / Mumbai, Maharashtra, India / Noida, Uttar Pradesh, India / Uttar Pradesh, India / Punjab, India / Greater Noida, Uttar Pradesh, India",2026-09-07,https://wellfound.com/jobs/4688487-sales-partner-lead-generation-contractor-30-recurring-commission,https://hostvia.in,Actively Hiring,"Salary: INR 3000.0 - 40000.0 | Role: 🚀 Sales Partner / Lead Generation Contractor — 30% Recurring Commission | Company: Hostvia | Location: Bengaluru, Karnataka, India / Gurgaon, Haryana, India / Mumbai, Maharashtra, India / Noida, Uttar Pradesh, India / Uttar Pradesh, India / Punjab, India / Greater Noida, Uttar Pradesh, India",Wellfound,https://hostvia.in,https://wellfound.com/jobs/4688487-sales-partner-lead-generation-contractor-30-recurring-commission
Business Development Executive,MetaUpSpace,"Mumbai, Maharashtra, India",2026-08-21,https://wellfound.com/jobs/4607038-business-development-executive,https://www.metaupspace.com/,Actively Hiring,"Salary: INR 400000.0 - 600000.0 | Role: Business Development Executive | Company: MetaUpSpace | Location: Mumbai, Maharashtra, India",Wellfound,https://www.metaupspace.com/,https://wellfound.com/jobs/4607038-business-development-executive
Sales Development Representative (SDR),CredShields,"Bengaluru, Karnataka, India / Karnataka, India / Karnataka, India",2026-09-07,https://wellfound.com/jobs/4307336-sales-development-representative-sdr,https://credshields.com,Actively Hiring,"Salary: INR 900000.0 - 1800000.0 | Role: Sales Development Representative (SDR) | Company: CredShields | Location: Bengaluru, Karnataka, India / Karnataka, India / Karnataka, India",Wellfound,https://credshields.com,https://wellfound.com/jobs/4307336-sales-development-representative-sdr
Business Development Executive – Lead Generation & Client Acquisition,Sindhura Smart Interface,"Bengaluru, Karnataka, India",2026-09-22,https://wellfound.com/jobs/4750117-business-development-executive-lead-generation-client-acquisition,https://sindhura.org,Actively Hiring,"Salary: INR 180000.0 - 300000.0 | Role: Business Development Executive – Lead Generation & Client Acquisition | Company: Sindhura Smart Interface | Location: Bengaluru, Karnataka, India",Wellfound,https://sindhura.org,https://wellfound.com/jobs/4750117-business-development-executive-lead-generation-client-acquisition
Business Development,The Core Meal,"Bengaluru, Karnataka, India",2026-09-11,https://wellfound.com/jobs/4701957-business-development,https://thecoremeal.com,Actively Hiring,"Salary: INR 720000.0 - 720000.0 | Role: Business Development | Company: The Core Meal | Location: Bengaluru, Karnataka, India",Wellfound,https://thecoremeal.com,https://wellfound.com/jobs/4701957-business-development
Business Development Representative,DataBrain,"Tamil Nadu, India",2026-07-23,https://wellfound.com/jobs/4223965-2-business-development-representative,https://usedatabrain.com,Actively Hiring,"Salary: INR 1200000.0 - 2000000.0 | Role: Business Development Representative | Company: DataBrain | Location: Tamil Nadu, India",Wellfound,https://usedatabrain.com,https://wellfound.com/jobs/4223965-2-business-development-representative
Business Development Executive job,Weborbitlab,India,2026-08-30,https://wellfound.com/jobs/4480919-business-development-executive-job,https://weborbitlab.com,Actively Hiring,Salary: USD 20000.0 - 100000.0 | Role: Business Development Executive job | Company: Weborbitlab | Location: India,Wellfound,https://weborbitlab.com,https://wellfound.com/jobs/4480919-business-development-executive-job
Founding Demand Generation Lead,Alloy River,"Toronto, Ontario, Canada",2026-08-21,https://wellfound.com/jobs/4618120-founding-demand-generation-lead,https://alloyriver.com,Actively Hiring,"Salary: CAD 200000.0 - 350000.0 | Role: Founding Demand Generation Lead | Company: Alloy River | Location: Toronto, Ontario, Canada",Wellfound,https://alloyriver.com,https://wellfound.com/jobs/4618120-founding-demand-generation-lead
Sales Development Representative (SDR),Weborbitlab,India,2026-09-10,https://wellfound.com/jobs/4697944-sales-development-representative-sdr,https://weborbitlab.com,Actively Hiring,Salary: USD 20000.0 - 100000.0 | Role: Sales Development Representative (SDR) | Company: Weborbitlab | Location: India,Wellfound,https://weborbitlab.com,https://wellfound.com/jobs/4697944-sales-development-representative-sdr
Business Development Representative,CRUV,"Bengaluru, Karnataka, India",2026-08-19,https://wellfound.com/jobs/4607062-business-development-representative,https://cruv.org/,Actively Hiring,"Salary: INR 66000.0 - 100000.0 | Role: Business Development Representative | Company: CRUV | Location: Bengaluru, Karnataka, India",Wellfound,https://cruv.org/,https://wellfound.com/jobs/4607062-business-development-representative
Business Development Executive,TechUp Labs,"Surat, Gujarat, India",2026-08-25,https://wellfound.com/jobs/4607121-business-development-executive,http://techuplabs.com,Actively Hiring,"Salary: INR 400000.0 - 1800000.0 | Role: Business Development Executive | Company: TechUp Labs | Location: Surat, Gujarat, India",Wellfound,http://techuplabs.com,https://wellfound.com/jobs/4607121-business-development-executive
Co-founder – Sales & Business Development,CodeProbe,"Bengaluru, Karnataka, India",2026-08-24,https://wellfound.com/jobs/4627386-co-founder-sales-business-development,https://www.codeprobe.in,Actively Hiring,"Salary: INR 120000.0 - 120000.0 | Role: Co-founder – Sales & Business Development | Company: CodeProbe | Location: Bengaluru, Karnataka, India",Wellfound,https://www.codeprobe.in,https://wellfound.com/jobs/4627386-co-founder-sales-business-development
Lead Generation Executive,Antier Solutions,"Sahibzada Ajit Singh Nagar, Punjab, India",2026-09-15,https://wellfound.com/jobs/4718554-lead-generation-executive,https://www.antiersolutions.com/,Actively Hiring,"Role: Lead Generation Executive | Company: Antier Solutions | Location: Sahibzada Ajit Singh Nagar, Punjab, India",Wellfound,https://www.antiersolutions.com/,https://wellfound.com/jobs/4718554-lead-generation-executive
LinkedIn Lead Generation Intern,Budhana Tech,"Pune, Maharashtra, India",2026-08-25,https://wellfound.com/jobs/4628491-linkedin-lead-generation-intern,https://www.budhanatech.com/,Actively Hiring,"Salary: INR 60000.0 - 60000.0 | Role: LinkedIn Lead Generation Intern | Company: Budhana Tech | Location: Pune, Maharashtra, India",Wellfound,https://www.budhanatech.com/,https://wellfound.com/jobs/4628491-linkedin-lead-generation-intern
Business Development and Sales Manager,VoiceQube,"Delhi, India / Pune, Maharashtra, India / Hyderabad, Telangana, India / Mumbai, Maharashtra, India / Kota, Rajasthan, India / Karnataka, India / Tamil Nadu, India",2026-09-09,https://wellfound.com/jobs/4692262-business-development-and-sales-manager,https://www.voiceqube.com,Actively Hiring,"Salary: INR 1200000.0 - 8800000.0 | Role: Business Development and Sales Manager | Company: VoiceQube | Location: Delhi, India / Pune, Maharashtra, India / Hyderabad, Telangana, India / Mumbai, Maharashtra, India / Kota, Rajasthan, India / Karnataka, India / Tamil Nadu, India",Wellfound,https://www.voiceqube.com,https://wellfound.com/jobs/4692262-business-development-and-sales-manager
Business Development Specialist,Kredily,"Bengaluru, Karnataka, India",2026-08-05,https://wellfound.com/jobs/4550814-business-development-specialist,https://kredily.com,Actively Hiring,"Salary: INR 400000.0 - 600000.0 | Role: Business Development Specialist | Company: Kredily | Location: Bengaluru, Karnataka, India",Wellfound,https://kredily.com,https://wellfound.com/jobs/4550814-business-development-specialist
Business Development Manager – B2B SaaS (India Market),Samaaro,"Bengaluru, Karnataka, India",2026-06-19,https://wellfound.com/jobs/4365521-business-development-manager-b2b-saas-india-market,https://samaaro.com,Actively Hiring,"Role: Business Development Manager – B2B SaaS (India Market) | Company: Samaaro | Location: Bengaluru, Karnataka, India",Wellfound,https://samaaro.com,https://wellfound.com/jobs/4365521-business-development-manager-b2b-saas-india-market
Business Development Executive,ServiceHive,"New Delhi, Delhi, India",2026-09-03,https://wellfound.com/jobs/4238488-business-development-executive,https://servicehive.tech,Actively Hiring,"Salary: INR 200000.0 - 300000.0 | Role: Business Development Executive | Company: ServiceHive | Location: New Delhi, Delhi, India",Wellfound,https://servicehive.tech,https://wellfound.com/jobs/4238488-business-development-executive
Lead Generation & Growth Marketer,Askria,"Dubai, United Arab Emirates / San Francisco, California, United States / England, United Kingdom / Karnataka, India",2026-07-24,https://wellfound.com/jobs/3330371-internship-lead-gen-growth-partnerships-manager-founders-investors,https://www.askria.ai/,Actively Hiring,"Salary: USD 12000.0 - 25000.0 | Role: Lead Generation & Growth Marketer | Company: Askria | Location: Dubai, United Arab Emirates / San Francisco, California, United States / England, United Kingdom / Karnataka, India",Wellfound,https://www.askria.ai/,https://wellfound.com/jobs/3330371-internship-lead-gen-growth-partnerships-manager-founders-investors
Business Development Executive – LinkedIn / LinkedIn Lead Generation,DevOptiv,"Sahibzada Ajit Singh Nagar, Punjab, India",2026-08-24,https://wellfound.com/jobs/4627285-business-development-executive-linkedin-linkedin-lead-generation,https://devoptiv.com,Actively Hiring,"Salary: INR 15000.0 - 25000.0 | Role: Business Development Executive – LinkedIn / LinkedIn Lead Generation | Company: DevOptiv | Location: Sahibzada Ajit Singh Nagar, Punjab, India",Wellfound,https://devoptiv.com,https://wellfound.com/jobs/4627285-business-development-executive-linkedin-linkedin-lead-generation
LinkedIn Outreach & Lead Generation Specialist(Part-Time),Infinite Possibilities,"New Delhi, Delhi, India",2026-07-23,https://wellfound.com/jobs/4505555-linkedin-outreach-lead-generation-specialist-part-time,https://www.infinitepossibilities.ai,Actively Hiring,"Role: LinkedIn Outreach & Lead Generation Specialist(Part-Time) | Company: Infinite Possibilities | Location: New Delhi, Delhi, India",Wellfound,https://www.infinitepossibilities.ai,https://wellfound.com/jobs/4505555-linkedin-outreach-lead-generation-specialist-part-time
Sales Development Representative (SDR),SalesUP,"New Delhi, Delhi, India",2026-01-19,https://wellfound.com/jobs/3768594-sales-development-representative-sdr,https://salesup.club,Actively Hiring,"Salary: INR 20000.0 - 30000.0 | Role: Sales Development Representative (SDR) | Company: SalesUP | Location: New Delhi, Delhi, India",Wellfound,https://salesup.club,https://wellfound.com/jobs/3768594-sales-development-representative-sdr
Business Development Executive,Samaaro,"Bengaluru, Karnataka, India",2026-07-27,https://wellfound.com/jobs/4520965-business-development-executive,https://samaaro.com,Actively Hiring,"Role: Business Development Executive | Company: Samaaro | Location: Bengaluru, Karnataka, India",Wellfound,https://samaaro.com,https://wellfound.com/jobs/4520965-business-development-executive
Business Development Executive,Katalisia,"Hyderabad, Telangana, India",2026-08-24,https://wellfound.com/jobs/4627310-business-development-executive,http://www.katalisia.com/,Actively Hiring,"Salary: INR 300000.0 - 360000.0 | Role: Business Development Executive | Company: Katalisia | Location: Hyderabad, Telangana, India",Wellfound,http://www.katalisia.com/,https://wellfound.com/jobs/4627310-business-development-executive
Sales Development Representative (SDR) — Remote India,Reece,"Davenport, Iowa, United States",2026-08-25,https://wellfound.com/jobs/4628458-sales-development-representative-sdr-remote-india-clone,https://callreece.ai,Actively Hiring,"Role: Sales Development Representative (SDR) — Remote India | Company: Reece | Location: Davenport, Iowa, United States",Wellfound,https://callreece.ai,https://wellfound.com/jobs/4628458-sales-development-representative-sdr-remote-india-clone
Lead Generation Intern – Global (Remote),Nimish web logic Technologies,"Bareilly, Uttar Pradesh, India",2026-07-25,https://wellfound.com/jobs/4516299-lead-generation-intern-global-remote,https://www.nimishweblogictechnologies.com,Actively Hiring,"Salary: INR 1000.0 - 3000.0 | Role: Lead Generation Intern – Global (Remote) | Company: Nimish web logic Technologies | Location: Bareilly, Uttar Pradesh, India",Wellfound,https://www.nimishweblogictechnologies.com,https://wellfound.com/jobs/4516299-lead-generation-intern-global-remote
Business Development Executive - IT Services (AI & Web),Solvornx Solutions,"Tamil Nadu, India",2026-06-23,https://wellfound.com/jobs/4377478-business-development-executive-it-services-ai-web,https://solvornx.com/,Actively Hiring,"Role: Business Development Executive - IT Services (AI & Web) | Company: Solvornx Solutions | Location: Tamil Nadu, India",Wellfound,https://solvornx.com/,https://wellfound.com/jobs/4377478-business-development-executive-it-services-ai-web
Business Development Associate,uprio,"Bengaluru, Karnataka, India / Hyderabad, Telangana, India / Tamil Nadu, India",2026-09-17,https://wellfound.com/jobs/4728246-business-development-associate,https://www.uprio.com/,Actively Hiring,"Salary: INR 300000.0 - 500000.0 | Role: Business Development Associate | Company: uprio | Location: Bengaluru, Karnataka, India / Hyderabad, Telangana, India / Tamil Nadu, India",Wellfound,https://www.uprio.com/,https://wellfound.com/jobs/4728246-business-development-associate
Digital Marketing & Lead Generation-Intern,CognixNexus,"Pune, Maharashtra, India",2026-08-31,https://wellfound.com/jobs/4657069-digital-marketing-lead-generation-intern,https://cognixnexus.com,Actively Hiring,"Role: Digital Marketing & Lead Generation-Intern | Company: CognixNexus | Location: Pune, Maharashtra, India",Wellfound,https://cognixnexus.com,https://wellfound.com/jobs/4657069-digital-marketing-lead-generation-intern
Business Development Manager – Brand Partnerships,LeBrandsSpace Digital,"New Delhi, Delhi, India",2026-08-19,https://wellfound.com/jobs/4605463-business-development-manager-brand-partnerships,https://lebrands.space,Actively Hiring,"Salary: INR 20000.0 - 50000.0 | Role: Business Development Manager – Brand Partnerships | Company: LeBrandsSpace Digital | Location: New Delhi, Delhi, India",Wellfound,https://lebrands.space,https://wellfound.com/jobs/4605463-business-development-manager-brand-partnerships
Demand Generation Intern,Quash,"Bengaluru, Karnataka, India",2026-07-15,https://wellfound.com/jobs/4305664-demand-generation-intern,https://quashbugs.com/,Actively Hiring,"Role: Demand Generation Intern | Company: Quash | Location: Bengaluru, Karnataka, India",Wellfound,https://quashbugs.com/,https://wellfound.com/jobs/4305664-demand-generation-intern
