Company Name,Location,Website
Sovos Compliance,"London, EN",https://sovos.com
NANA Regional Corporation Inc,KY,https://www.nana.com
TechDigital,"London, London",https://www.companieslist.co.uk
Akima,"Williamsburg, KY",https://careers.akima.com
U.S. Department of Justice,"London, KY",https://www.justice.gov
Rubrik,"London, EN",https://www.rubrik.com
Miniclip,"Derby, England",https://www.glassdoor.co.in
Omnia Resourcing,"London, England",https://omniaresourcing.co.uk
Qualient Solutions,"London, England",https://www.qualientsolutions.com
Young Lives vs Cancer,Remote,https://www.simplyhired.co.uk
MOUNTAIN PEAK TECHNOLOGY LTD,Remote,https://jobs.lynkupp.com
ITV,"London, England",https://grokipedia.com
City Facilities Management,"Glasgow, Scotland",https://www.cityfm.com
University of Lancashire,"Preston, North West England, England",https://www.lancashire.ac.uk
Oxford Brookes University,"Headington, England",https://www.brookes.ac.uk
Respect Services,"London, England",https://www.respect.org.uk
University of East London,United Kingdom,https://www.aplicar.io
MONY Group,United Kingdom,https://www.monygroup.com
International Bills Finance,"Northampton, England",https://www.ucas.com
Landsec,United Kingdom,https://www.landsec.com
Just Eat Takeaway.com,"London, England",https://www.just-eat.co.uk
Express Solicitors,"Manchester, England",https://chambers.com
The Children's Society,Remote,https://medium.com
World Wildlife Fund,"Woking, England",https://www.worldwildlife.org
International Rescue Committee,"London, England",https://www.rescue.org
Warwickshire County Council,"Warwick, West Midlands, England",https://grokipedia.com
Houlihan Lokey,"London, England",https://hl.com
1 Stop Data,"Epsom, England",https://www.1stopdata.com
Visit Britain,"Birmingham, England",https://www.visitbritain.com
Nugent Care,"Liverpool, England",https://wearenugent.org
Thirteen,"Middlesbrough, England",https://www.thirteengroup.co.uk
FDJ UNITED,United Kingdom,https://www.fdjunited.com
Jet2.com and Jet2holidays,"Leeds, England",https://www.jet2.com
Royal London,"Glasgow, Scotland",https://www.swfinstitute.org
Greenstone Advisory Group Ltd,United Kingdom,https://bebee.com
Munich Re,United Kingdom,https://www.munichre.com
Ecomcity LTD,"London, England",https://bebee.com
Autotrader,"Manchester, England",https://www.autotrader.co.uk
PJT Partners,"London, England",https://www.pjtpartners.com
Housing Ombudsman Service,Remote,https://www.housing-ombudsman.org.uk
Invisage Alpha Ltd,"London, England",https://find-and-update.company-information.service.gov.uk
Acturis,"Birmingham, England",https://www.acturis.com
Advanced Wireless Technology Group,"London, England",https://www.awtg.co.uk
London South Bank University,"London, England",https://grokipedia.com
Hulcan,"London, England",https://hulcan.com
Redcentric,"London, England",https://www.redcentricplc.com
TLT,"Bristol, England",https://www.tlt.com
Sunday,"London, England",https://grokipedia.com
Deloitte,"London, England",https://www.deloitte.com
GKN Aerospace,"East Cowes, England",https://www.gknaerospace.com
The Information Lab,"London, England",https://www.theinformationlab.co.uk
East Lancashire Learning Group,"Accrington, England",https://eastlancslearning.ac.uk
Fortray Global Services,"London, England",https://www.trustpilot.com
CDP,"London, England",https://grokipedia.com
Cynergy Bank,"London, England",https://www.cynergybank.co.uk
Burford Capital,"London, England",https://www.burfordcapital.com
EveryMatrix,"London, England",https://everymatrix.com
NFU Mutual,"Stratford-upon-Avon, England",https://www.nfumutual.co.uk
Leeds Building Society,"Leeds, England",https://grokipedia.com
Talent Sam,Worldwide / Remote,https://www.remoterocketship.com
Ceox Services Ltd,United Kingdom,https://www.bcorporation.net
VendueTech,"Australia, Bangladesh, Brazil, Canada, China, France, Germany, India, Italy, Japan, Mexico, Netherlands, Norway, Pakistan, Philippines, South Korea, Spain, Sweden, United Kingdom, United States",https://builtin.com
Centene Corporation,"Ireland, United Kingdom, United States",https://www.centene.com
Monzo,United Kingdom,https://monzo.com
Brighty App,Worldwide / Remote,https://brighty.app
OGC Global,Worldwide / Remote,https://www.remoterocketship.com
micro1,Worldwide / Remote,https://microonejobs.com
TELUS Digital,United Kingdom,https://www.telusdigital.com
Livestock Information,United Kingdom,https://flexa.careers
Tuesday Health,"Australia, Canada, Germany, India, United Kingdom, United States",https://www.tuesdayhealth.com
Jonas Software UK & Europe,United Kingdom,https://www.jonassoftware.co.uk
Aker Systems,United Kingdom,https://www.akersystems.com
OneMagnify,Worldwide / Remote,https://www.onemagnify.com
MD Finance,Worldwide / Remote,https://www.virtualvocations.com
Nimble Gravity,Worldwide / Remote,https://www.remoterocketship.com
mercor,United Kingdom,https://www.mercor.com
Kainos,United Kingdom,https://www.kainos.com
Airalo,"Spain, United Kingdom",https://www.airalo.com
Med-Metrix,"Canada, Ireland, United Kingdom, United States",https://med-metrix.com
Capitex,United Kingdom,https://capitexgroup.com
TalentCross,Worldwide / Remote,https://talentcross.it
Solidus Labs,United Kingdom,https://www.soliduslabs.com
Lightcast,"Italy, Spain, United Kingdom",https://lightcast.io
Dwelly,United Kingdom,https://www.dwelly.group
Teya,United Kingdom,https://thebanks.eu
Creative Fabrica,"Australia, Canada, France, Germany, India, Ireland, Netherlands, United Kingdom, United States",https://www.creativefabrica.com
Tala,Worldwide / Remote,https://realworkremote.com
Zelh,Worldwide / Remote,https://remotejobs.org
PPMI,"Australia, Canada, France, Germany, India, United Kingdom, United States",https://tradingeconomics.com
Calista Corporation,"Australia, Canada, India, United Kingdom, United States",https://www.calistacorp.com
BioPhorum,United Kingdom,https://www.biophorum.com
Find.co,Worldwide / Remote,https://remote.co
Find.co,"Bulgaria, Ireland, Malta, Portugal, Romania, Serbia, United Kingdom",https://remote.co
Berkeley Square IT,United Kingdom,https://www.careers-page.com
Geisinger,"Australia, Canada, France, Germany, India, Italy, Netherlands, Spain, United Kingdom, United States",https://www.geisinger.org
PPMI,"Australia, Canada, Germany, India, United Kingdom, United States",https://tradingeconomics.com
Renew Capital,"Australia, Canada, Germany, United Kingdom, United States",https://www.renewcapital.com
Illinois Eastern Community Colleges,"Olney, IL 62450",https://www.communitycollegereview.com
Brillio Inc,"Rosemont, IL",https://careers.brillio.com
VIMO INC,"Mountain View, CA",https://www.dnb.com
"Altec Industries, Inc.","Birmingham, AL",https://www.altec.com
Maplecrest Dataworks,"Florissant, MO 63031",https://tallo.com
Allina Health System,"Minneapolis, MN 55318",https://www.allinahealth.org
"Place Services, Inc.","Woodstock, GA",https://placeservicesinc.com
Computershare,"Frisco, TX",https://www.computershare.com
MEC Aerial Work Platforms,"Fresno, CA 93727",https://www.dnb.com
ASC (American Screening Corp),"Shreveport, LA 71106",https://www.americanscreeningcorp.com
Adient,"Eldon, MO 65026",https://www.adient.com
Bailey Nurseries,"Newport, MN 55055",https://www.baileynurseries.com
SNI Companies,"Kissimmee, FL 34741",https://www.snicompanies.com
SOPREMA,"Wadsworth, OH 44281",https://www.wadsworthcity.com
Gelson's Market,"Santa Fe Springs, CA 90670",https://www.yellowpages.com
Leoforce,"Schaumburg, IL 60159",https://leoforce.com
Thomas Edwards Group Inc.,"Fort Worth, TX 76126",https://thomasedwards.com
tignovate,"New York, NY 10013",https://www.franklinreport.com
Touro University New York,"New York, NY 10036",https://grokipedia.com
Navy Federal Credit Union,"Vienna, VA 22180",https://www.navyfederal.org
Donnelly & Moore Corporation,"New York, NY 10003",https://donmor.com
Starbucks,"Nashville, TN",https://investor.starbucks.com
Brooksource,Remote,https://jobs.brooksource.com
Starbucks,"Nashville, TN 37203",https://investor.starbucks.com
Sporting Kansas City,"Kansas City, KS 66111",https://grokipedia.com
IND Technology,"Broomfield, CO 80021",https://ind-technology.com
Uline,"Pleasant Prairie, WI 53158",https://www.uline.com
G&H Solutions,"Woodland Hills, CA 91367",https://www.gandh.solutions
Chery Industrial Inc.,"Garden City, NY 11530",https://businessyab.com
University of North Carolina - Charlotte,"Charlotte, NC 28223",https://grokipedia.com
HelloFresh,"Aurora, IL",https://careers.hellofresh.com
Atlas Air,"Miami, FL",https://www.atlasairworldwide.com
MetroPlusHealth,"New York, NY 10261",https://metroplus.org
Capgemini,"San Francisco, CA 94107",https://www.capgemini.com
Tesla,"Palo Alto, CA 94304",https://www.paloaltoonline.com
"Interclypse, Inc.","Annapolis Junction, MD",https://interclypse.com
Verdantas,"San Ramon, CA 94583",https://www.verdantas.com
Kratos Industries LLC,"Arvada, CO 80004",https://kratosind.com
Enbridge,"Salt Lake City, UT",https://www.enbridgegas.com
Redcentric,"Houston, TX 77032",https://www.redcentricplc.com
SOLUTION ONE INDUSTRIES,"Fort Detrick, MD 21702",https://1soi.com
Tesla,"Lathrop, CA 95330",https://www.paloaltoonline.com
KPH Healthcare Services,"East Syracuse, NY 13057",https://www.kphhealthcareservices.com
Sharebot,"Newark, NJ",https://www.sharebot.com
Steelcase,"Grand Rapids, MI 49508",https://www.steelcase.com
Cervello Global Corporation,"Quantico, VA 22134",https://www.cervello.global
"Subaru of Indiana Automotive, Inc.","Lafayette, IN 47905",https://www.subaru-sia.com
CharterUP,"Atlanta, GA 30326",https://www.charterup.com
AttainIT Technologies,"Herndon, VA 20171",https://www.attainittech.com
Buchanan County Health Center,"Independence, IA 50644",https://bchealth.org
UW Credit Union,"Madison, WI 53717",https://www.uwcu.org
SunnyFuture Career Ltd.,"New York, NY 10114",https://www.sunnyfuture.ca
RVA Roofing Services,"Colonial Heights, VA",https://www.rvaroofingservices.com
FPM Technologies,"North Chicago, IL",https://fpmtechnologies.com
State of Utah,"Salt Lake City, UT 84111",https://www.slc.gov
Johnston & Associates,"Thompsons Stn, TN 37179",https://npiprofile.com
Stellantis,"Sterling Heights, MI 48312",https://www.chamberofcommerce.com
Maury Regional Health,"Columbia, TN 38401",https://www.mauryregional.com
Mobile Medical Care,"Rockville, MD 20852",https://mobilemedicalcare.org
UMSL,"St. Louis, MO 63108",https://www.umsl.edu
Cintas,"Mason, OH 45040",https://www.cintas.com
CoreLend Financial,"Memphis, TN",https://corelendfinancial.com
Vizio,"New York, NY 10118",https://www.vizio.com
Quest Global,"Wilson, NC",https://www.questglobal.com
New Jersey Innovation Institute,"Newark, NJ 07103",https://www.njii.com
Touro University California,"Vallejo, CA 94592",https://tu.edu
Peak6,"Chicago, IL 60604",https://peak6.com
Dynamic Interactive Business Systems,"Springfield, IL",https://www.dibsysinc.com
Sanford Health,"Fargo, ND 58102",https://www.sanfordhealth.org
Prudential Energy,"Houston, TX",https://prudentialenergy.com
Iowa Orthopaedic Center PC,"Des Moines, IA",https://www.iowaortho.com
ProAct,"East Syracuse, NY 13057",https://secure.proactrx.com
Inspire11,"Chicago, IL",https://www.inspire11.com
Digitechlabs,"Plano, TX 75023",https://digitechlabs.com
Grady Health System,"Atlanta, GA 30303",https://www.gradyhealth.org
International Raw Materials LTD,"Philadelphia, PA 19106",https://www.irm.com
Target,"Minneapolis, MN 55403",https://www.target.com
Regions,"Birmingham, AL 35203",https://grokipedia.com
McDonough District Hospital,"Macomb, IL 61455",https://www.mdh.org
GOCOOL,"Bellevue, WA",http://www.gocoolinc.com
Emory Healthcare,"Atlanta, GA 30308",https://www.emoryhealthcare.org
State of Missouri,"Jefferson City, MO 65101",https://www.jeffersoncitymo.gov
Global Medical Response,"Lewisville, TX 75056",https://www.globalmedicalresponse.com
State of Kansas - Dept of Health & Environment,"Shawnee County, KS",https://snco.gov
Southwest Airlines,"Dallas, TX 75235",https://www.southwest.com
City of Newark,"Newark, NJ",https://grokipedia.com
Foodbuy,"Charlotte, NC 28217",https://www.foodbuy.com
Dealer Source LTD,"New York, NY 10033",https://dealersourceltd.com
DJS Financial Services LLC,"Lorton, VA 22079",https://www.djsfin.com
WCL Group,"Plano, TX",https://www.wclgp.com
Washington University in St. Louis,"St. Louis, MO 63110",https://grokipedia.com
Hearst Media Services,"Washington, DC",https://www.hearst.com
Caliber,"Lewisville, TX 75056",https://www.caliber.com
Girl Scouts of Western Washington,"Seattle, WA 98108",https://www.girlscoutsww.org
Kodiak Community Health Center,"Kodiak, AK 99615",https://www.kodiakchc.org
SPG Resourcing,Leeds,https://www.spgresourcing.com
Global One,Greater London,https://globalone.org.uk
Netcompany,Greater London,https://netcompany.com
Academy Education Network Ltd,Manchester,https://www.academyeducationnetwork.co.uk
ivee,Greater London,https://ivee.jobs
Redcentric,"City Of London, Harrogate",https://www.redcentricplc.com
RDX Sports,Manchester,https://rdxsports.com
Devitechs,Birmingham,https://jobsnrecruitment.com
HireMap,Greater London,https://open.endole.co.uk
LexisNexis Risk Solutions,England,https://risk.lexisnexis.co.uk
SDG Group UK,Milton Keynes,https://careers.sdggroup.com
Tech Contracts Online,Greater London,https://techcontractsonline.com
Natobotics,Greater London,https://www.natobotics.com
0026 Checkout Technology Ltd,Greater London,https://uk.whatjobs.com
CBC Recruitment Solutions,England,https://www.cbcrs.co.uk
AWTG Ltd.,West Midlands,https://www.awtg.co.uk
Opencast,B Corp™,https://opencastsoftware.com
"The Education Group London, Ltd.",City Of London,https://find-and-update.company-information.service.gov.uk
Allscreens Nationwide Ltd,Gainsborough CP,https://www.yell.com
Jacobs,Greater London,https://www.jacobs.com
Datatech Analytics,Greater London,https://datatech.org.uk
Made Tech,England,https://www.madetech.com
Anson McCade,Greater London,https://www.ansonmccade.com
Jas Gujral,Greater London,https://gb.bebee.com
Moore Green Recruitment LTD,Birmingham,https://www.mgrecruitment.co.uk
Global,Greater London,https://www.grow.london
Blue Legal,Greater London,https://www.bluelegal.com
Pertemps Plymouth Commercial,Devon and Torbay,https://www.pertemps.co.uk
Fanatics,Greater London,https://uk.topps.com
Made Tech Limited,Greater London,https://www.madetech.com
PULL UP LTD,Greater London,https://find-and-update.company-information.service.gov.uk
hireful,Birmingham,https://www.hireful.com
Digital Data Foundation,Greater London,https://www.london.gov.uk
Hypercreate Ltd,Greater London,https://find-and-update.company-information.service.gov.uk
KDR Talent Solutions,Greater London,https://www.kdrtalentsolutions.com
MANUAL,Greater London,https://www.themanuallondon.com
Specialist Risk Group,Greater London,https://specialistrisk.com
Proactive.IT Appointments Limited,West of England,https://www.proactive.it
Harnham,England,https://www.harnham.com
Proactive.IT Appointments Limited,Bristol,https://www.proactive.it
Arsenault,Glasgow,https://interviewstack.io
RICS,Birmingham,https://www.rics.org
Octopus Legacy,Greater London,https://octopuslegacy.com
RedRock Resourcing,West of England,https://www.redrockresourcing.co.uk
Sportradar,Greater London,https://sportradar.com
FDJ UNITED,Greater London,https://www.fdjunited.com
Hollybank Trustees Ltd,Greater London,https://hollybanktrust.com
Stott and May,Greater London,https://www.stottandmay.com
Platform Housing Group,Worcester,https://www.platformhg.com
onlyFE,Plymouth,http://www.onlyfe.co.uk
Stotles,England,https://www.stotles.com
Corehr,Oxford,https://prod.corehr.io
Pertemps Plymouth,Devon and Torbay,https://www.pertemps.co.uk
Computappoint,England,https://computappoint.co.uk
Consortia Group,Bristol,https://www.consortia.com
Lorien,England,https://www.lorienglobal.com
Zapier,Remote,https://zapier.com
Jooble Employer,United Kingdom,https://uk.jooble.org
Client Server,"London, England, United Kingdom",https://www.client-server.com
Scrumconnect Consulting,"Staines-Upon-Thames, England, United Kingdom",https://find-and-update.company-information.service.gov.uk
Wise,"London, England, United Kingdom",https://wise.com
Octopus Legacy,"Greater London, England, United Kingdom",https://octopuslegacy.com
Morson Edge (Financial Services),"London Area, United Kingdom",https://morson-edge.com
Mott MacDonald,"London, England, United Kingdom",https://www.mottmac.com
Transport for London,"London, England, United Kingdom",https://grokipedia.com
MONY Group plc,"London Area, United Kingdom",https://www.monygroup.com
Toyota Connected Europe,"London, England, United Kingdom",https://www.toyota-europe.com
Salary Finance,"London Area, United Kingdom",https://financepayindex.com
Moniepoint Group,"London, England, United Kingdom",https://find-and-update.company-information.service.gov.uk
Datatech Analytics,"Greater London, England, United Kingdom",https://datatech.org.uk
Auth21,"London, England, United Kingdom",https://auth21.cloud
Gravitas Recruitment Group (Global) Ltd,"London Area, United Kingdom",https://www.gravitasgroup.co.uk
London Borough of Sutton,"London, England, United Kingdom",https://grokipedia.com
Harcourt Matthews,"City Of London, England, United Kingdom",https://harcourtmatthews.com
Blu Digital,"London Area, United Kingdom",https://www.blu-digital.co.uk
Trace | Expert Accountancy & Finance Recruitment,"London Area, United Kingdom",https://www.tracerecruit.com
CV-BRIDGE LTD,"Greater London, England, United Kingdom",https://cv-bridge.co.uk
Clarksons Research,"London Area, United Kingdom",https://www.clarksons.com
Greater London Authority,"London, England, United Kingdom",https://grokipedia.com
PT Renewables 🌳,"Brighton, England, United Kingdom",https://www.ptrenewables.co.uk
Forward Role Recruitment,"London Area, United Kingdom",https://www.forwardrole.com
Harnham,"London Area, United Kingdom",https://www.harnham.com
Sizewell C,"London, England, United Kingdom",https://www.sizewellc.com
Centre People Appointments,"Windsor, England, United Kingdom",https://www.centrepeople.com
Adapty.io,"London, England, United Kingdom",https://adapty.io
Xcede,"Surrey, England, United Kingdom",https://www.xcede.com
PT Renewables 🌳,"Surrey, England, United Kingdom",https://www.ptrenewables.co.uk
MoonPay,"London, England, United Kingdom",https://www.moonpay.com
Elsevier,"London Area, United Kingdom",https://www.elsevier.com
GRAYCE,"London Area, United Kingdom",https://www.grayce.co.uk
BoF Careers,"London, England, United Kingdom",https://www.businessoffashion.com
Fanatics,"London, England, United Kingdom",https://uk.topps.com
SheMed,"London, England, United Kingdom",https://www.shemed.co.uk
Daily Mail,"London Area, United Kingdom",https://www.dailymail.com
AEGIS London,"London, England, United Kingdom",https://aegislondon.co.uk
Chip – your wealth app,"London, England, United Kingdom",https://www.getchip.uk
Impellam Group,"London Area, United Kingdom",https://www.impellam.com
easyJet,"Luton, England, United Kingdom",https://www.easyjet.com
HM Land Registry,"London, England, United Kingdom",https://www.gov.uk
Ageas UK,"Reigate, England, United Kingdom",https://reigate.cylex-uk.co.uk
SearchWorks,"London Area, United Kingdom",https://searchworks.uk
9fin,"London, England, United Kingdom",https://9fin.com
Ventula Consulting,"London Area, United Kingdom",https://ventula.co.uk
SportPursuit,"London Area, United Kingdom",https://www.sportpursuit.com
Great Ormond Street Hospital Charity,"London, England, United Kingdom",https://www.gosh.org
bp,"Sunbury-On-Thames, England, United Kingdom",https://www.bbc.com
Universal Music Group UK,"London, England, United Kingdom",https://www.umusiccareers.com
Goodman Masson,"London Area, United Kingdom",https://www.goodmanmasson.com
Sanderson,"London Area, United Kingdom",https://sanderson.londonhotelsgb.com
CUBE,"London, England, United Kingdom",https://grokipedia.com
Talent,"London, England, United Kingdom",https://londontalent.co.uk
Harnham,"Greater London, England, United Kingdom",https://www.harnham.com
IAG Cargo,"Hounslow, England, United Kingdom",https://www.iagcargo.com
TUI,"Luton, England, United Kingdom",https://www.tuigroup.com
Vitality,"London, England, United Kingdom",https://grokipedia.com
The Ohio State University,"Columbus, OH",https://www.osu.edu
OCLC,"Dublin, OH",https://www.oclc.org
Central Insurance Company,"Dublin, OH",https://www.central-insurance.com
State of Ohio - Public Safety,"Columbus, OH 43223",https://publicsafety.ohio.gov
AEP Service Corporation,"Columbus, OH 43215",https://www.aepohio.com
Revel IT,"New Albany, OH",https://www.revelit.com
"React Health Holdings, LLC","Dublin, OH 43017",https://www.reacthealth.com
"Brittany Wyche, LLC","Columbus, OH 43215",https://brittanywyche.com
Infosys,United States,https://www.infosys.com
"Golden Wolf, LLC",United States,https://www.goldenwolf.tv
EASE LOGISTICS SERVICES LLC,"Dublin, OH 43016",https://easelogistics.com
CapTech Consulting,"Columbus, OH",https://www.captechconsulting.com
McKesson,"Columbus, OH",https://careers.mckesson.com
DataAnnotation,"Columbus, OH",https://www.dataannotation.tech
DataAnnotation,Ohio,https://www.dataannotation.tech
Alchemy,United States,https://grokipedia.com
Advanced Drainage Systems,"Hilliard, OH 43026",https://www.adspipe.com
"North Central Mental Health Services, Inc.","Columbus, OH 43201",https://ncmhs.org
Weidmann Electrical Technology Inc (Wicor),"Urbana, OH 43078",https://www.weidmann-electrical.com
Epitec,"Columbus, OH",https://epitec.com
T&R Properties,"Dublin, OH 43017",https://www.trprop.com
Lifestyle Communities,"Columbus, OH 43215",https://lifestylecommunities.com
NiSource,"Columbus, OH 43215",https://www.nisource.com
Liberty Mutual,"Columbus, OH",https://agents.libertymutual.com
Central Ohio Transit Authority,"Columbus, OH 43215",https://cota.com
Nationwide,"Columbus, OH 43215",https://grokipedia.com
Huntington Bank,"Columbus, OH",https://www.huntington.com
Sproutward,"Columbus, OH",https://sproutward.com
Sproutward,"Dublin, OH",https://sproutward.com
Nationwide Children's Hospital,"Columbus, OH 43215",https://grokipedia.com
Cardinal Health,"Dublin, OH 43017",https://www.chamberofcommerce.com
Deloitte,"Columbus, OH 43215",https://www.deloitte.com
Madison County Hospital,"London, OH 43140",https://www.madison-health.com
Encova Insurance,"Columbus, OH",https://www.bbb.org
Wells Fargo,"Columbus, OH 43215",https://www.yellowpages.com
State of Ohio - Health,"Columbus, OH 43228",https://odh.ohio.gov
Battelle,"Columbus, OH 43201",https://www.battelle.org
Abbott Laboratories,"Columbus, OH",https://start.cortera.com
CVS Health,"Columbus, OH 43215",https://www.cvs.com
Vermeer Heartland,"Washington Court House, OH 43160",https://www.vermeerhl.com
Accenture,"Columbus, OH",https://www.accenture.com
OhioHealth,"Columbus, OH 43202",https://www.ohiohealth.com
Lower,"Columbus, OH",https://www.lower.com
Environmental Management Inc,"Plain City, OH 43064",https://www.home8.org
Medical Mutual of Ohio,"Dublin, OH 43017",https://www.chamberofcommerce.com
"AmNet Services, Inc.","Hilliard, OH",https://lensa.com
State of Ohio - Medicaid,"Columbus, OH 43215",https://medicaid.ohio.gov
AndHealth,"Columbus, OH 43215",https://andhealth.com
Blue Star Partners LLC,"Columbus, OH 43215",https://www.bluestarpartners.com
Wendy's,"Dublin, OH 43017",https://www.wendys.ie
Orveon Global US LLC,"Columbus, OH 43215",https://www.orveonglobal.com
FBT Gibbons LLP,"Columbus, OH 43215",https://fbtgibbons.com
eBusiness Solutions Inc.,"Columbus, OH",https://ebusiness-inc.com
managementsolutions,"Columbus, OH",https://www.managementsolutions.com
RedHelm,"Columbus, OH",https://redhelm.com
WOW!,"Columbus, OH 43215",https://www.wowway.com
PNC Financial Services Group,"Columbus, OH 43215",https://www.mapquest.com
"Tosoh SMD, Inc.","Grove City, OH 43123",https://www.tosohsmd.com
Gryd Energy • London,London,https://find-and-update.company-information.service.gov.uk
Pirical • London,London,https://www.pirical.com
Turo • London,London,https://turo.com
Similarweb • London,London,https://www.similarweb.com
CarbonChain • London,London,https://www.carbonchain.com
ComplyAdvantage • London,London,https://complyadvantage.com
Intercom • Ireland • Dublin,London,https://www.intercom.com
Artefact,London,https://theartefact.com
CAIS • New York City,London,https://www.caisgroup.com
UpClear • New York,London,https://upclear.com
Transport for London,"London, England",https://grokipedia.com
Royal Borough of Kingston upon Thames,"Kingston upon Thames, England",https://grokipedia.com
Havas Group,"London, England",https://lon.havas.com
London Borough of Sutton,United Kingdom,https://grokipedia.com
Toyota Connected,"London, England",https://www.toyota-europe.com
Sizewell C,"London, England",https://www.sizewellc.com
UK Health Security Agency,United Kingdom,https://www.gov.uk
Greenstone Advisory Group Ltd,"London, England",https://bebee.com
Respect Services,United Kingdom,https://www.respect.org.uk
CUBE,"London, England",https://grokipedia.com
Diginius,"London, England",https://diginius.com
Tokio Marine Holdings,"London, England",https://www.tokiomarinehd.com
Ageas,"Reigate, England",https://reigate.cylex-uk.co.uk
SeaChange,"London, England",https://www.seachangelondon.com
NTT DATA,United Kingdom,https://uk.nttdata.com
Munich Re,"London, England",https://www.munichre.com
CDP,United Kingdom,https://grokipedia.com
Clece Care Services,"London, England",https://clececare.co.uk
SportPursuit,"London, England",https://www.sportpursuit.com
Moniepoint,United Kingdom,https://www.moniepoint.com
Acturis,"London, England",https://www.acturis.com
FDJ UNITED,"London, England",https://www.fdjunited.com
Houlihan Lokey,United Kingdom,https://hl.com
Burford Capital,United Kingdom,https://www.burfordcapital.com
Revolut,"London, England",https://www.revolut.com
EveryMatrix,United Kingdom,https://everymatrix.com
Eaton,"Slough, Berkshire, South East England, England",https://slough.cylex-uk.co.uk
The Information Lab,United Kingdom,https://www.theinformationlab.co.uk
AMS,"London, England",https://www.weareams.com
QA,"London, England",https://www.qa.com
Reply,"London, England",https://www.reply.com
Relay Technology (UK),"London, England",https://find-and-update.company-information.service.gov.uk
Intercontinental Exchange,"London, England",https://ir.theice.com
FDM Group,United Kingdom,https://www.fdmgroup.com
Veolia,"London, England",https://www.london.veolia.co.uk
Buckinghamshire New University,"High Wycombe, England",https://www.bucks.ac.uk
Sportradar,"London, England",https://sportradar.com
Cantor Fitzgerald,United Kingdom,https://www.cantor.com
Titan Trailers,"Tillsonburg, ON",https://titantrailers.com
CarePartners,"London, ON",https://www.carepartners.ca
Alimentiv,"London, ON",https://opengovca.com
The Canada Life Assurance Company,"London, ON",https://www.canadalife.com
CARFAX,"London, ON",https://www.carfax.com
RoseHarbor Publishing,"London, ON",https://roseharborpublishing.com
Turo,"London, ON",https://turo.com
BDO Canada,"London, ON",https://www.bdo.ca
KPMG,"London, ON",https://kpmg.com
Fairstone,"London, ON",https://www.fairstone.co.uk
9nexus,Remote,https://9nexus.com
Redcentric Plc,City of Westminster,https://www.redcentricplc.com
Transform,Greater London,https://www.transformuk.com
Skills Alliance,Greater London,https://www.skillsalliance.com
Ageas UK,Reigate,https://reigate.cylex-uk.co.uk
Goodman Masson,Greater London,https://www.goodmanmasson.com
Price Bailey,Cambridge,https://about.me
173tech,London,https://173tech.com
AWTG Ltd,Greater London,https://www.awtg.co.uk
Fintech Farm Ltd,Greater London,https://www.fintech-farm.com
Proactive Appointments,Greater London,https://www.proactive.it
Gain Theory,Greater London,https://gaintheory.com
Utility Warehouse,Greater London,https://firmania.co.uk
Harnham,Greater London,https://www.harnham.com
Ashdown Group,Tiptree,https://www.ashdowngroup.com
IQVIA Holdings Inc.,City of Westminster,https://www.iqvia.com
Orlaroseassociates,Greater London,https://london.cylex-uk.co.uk
Experis,ManpowerGroup,https://www.manpowergroup.com
Experis,City Of London,https://www.manpowergroup.com
ABC,Greater London,https://abcgone.com
Workman LLP,City of Westminster,https://www.westminster-ca.gov
Simply Business,Greater London,https://www.simplybusiness.co.uk
Immediate Media Co.,Greater London,https://www.immediate.co.uk
London Academy for Applied Technology,City Of London,https://www.laat.ac.uk
Aon,Chelmsford,https://www.aon.com
RAPP,Greater London,https://www.rapp.com
Jefferson Frank,Greater London,https://www.jeffersonfrank.com
AlphaSights,Greater London,https://london.cylex-uk.co.uk
Centre People Appointments,Maidenhead,https://www.centrepeople.com
Data Science Festival,Greater London,https://datasciencefestival.com
Huel,Tring,https://grokipedia.com
Kindred (London) Limited,Greater London,https://www.wearekindred.com
Octopus Legacy Limited,Greater London,https://octopuslegacy.com
Onyx-Conseil,Greater London,https://www.qualifiedfinder.com
Kodak Alaris Inc.,Hemel Hempstead,https://corporate.kodakalaris.com
GEDU CAREERS,Greater London,https://www.academicjobs.com
Pod Talent Ltd,City Of London,https://www.pod-talent.com
Webspherehub,Greater London,https://www.learn4good.com
N Consulting Limited,Greater London,https://n-cons.co.uk
TXP,Dunstable,https://www.txp.co.uk
Movar Limited,Greater London,https://movar.group
Moneysupermarket Group,Greater London,https://www.monygroup.com
Jobtailor,Greater London,https://jobtailor.co
Solirius Ltd.,Greater London,https://www.solirius.com
InvestEngine,Greater London,https://investengine.com
CDP,Greater London,https://grokipedia.com
Pod Talent,Greater London,https://www.pod-talent.com
THE·TEAM,Greater London,https://the.team
Jackalope Digital LLC,Greater London,https://www.jobilize.com
Chip UK,Greater London,https://www.getchip.uk
TOYOTA Connected,Greater London,https://www.toyota-europe.com
Charlotte Tilbury Beauty Inc.,Greater London,https://stores.charlottetilbury.com
MONY Group,City of Westminster,https://www.monygroup.com
Fifty5Blue,Greater London,https://www.fifty5blue.com
Ageas,Reigate and Banstead,https://reigate.cylex-uk.co.uk
Howden Group Services Limited,City Of London,https://find-and-update.company-information.service.gov.uk
THE,Greater London,https://www.britannica.com
Digital Futures,Greater London,https://digital-futures.uk
Talentedge Recruitment Limited,Greater London,https://talentedge.group
Story Terrace Inc.,Greater London,https://www.storyterrace.com
innocent drinks,Greater London,https://restaurantguru.com
Aplaro Ltd,Greater London,https://www.aplaro.com
Brainlabs,Greater London,https://www.brainlabsdigital.com
Tenth Revolution Group,Brighton,https://www.tenthrevolution.com
Aquent,London,https://aquent.co.uk
"Intercontinental Exchange Holdings, Inc.",City Of London,https://find-and-update.company-information.service.gov.uk
Immediate Live Co,Greater London,https://www.immediatelive.com
ARQ,Greater London,https://www.arqlondon.com
Jobtailor,Shoreham-by-Sea,https://jobtailor.co
Christie's,Greater London,https://www.christies.com
MOTORS,Greater London,https://fieldwaymotors.co.uk
Soldo,Greater London,https://www.soldo.com
Grid Dynamics,Greater London,https://www.griddynamics.com
Experis,Crawley,https://www.manpowergroup.com
Cyber Security training courses,Greater London,https://www.edoxi.com
Infomedia,Cambridge,https://www.infomedia.com.au
Vanquis,Chatham,https://chatham.cylex-uk.co.uk
Allscreens Nationwide Ltd,Reading,https://www.yell.com
Igbaffiliate,Greater London,https://www.igblive.com
School Result,London,https://www.schoolowl.co.uk
GB.540 Houlihan Lokey UK Limited,Greater London,https://hl.com
EMEA3 Recruitment,Greater London,https://uk.whatjobs.com
ICE Clear Europe Limited,Greater London,https://www.ice.com
Jefferson Frank,City Of London,https://www.jeffersonfrank.com
Hereweare,Brighton,https://hereweare.org.uk
Jack & Jill,Greater London,https://www.misterwhat.co.uk
ITV,Greater London,https://grokipedia.com
Pi Digital Solutions,Greater London,https://pidigitalsolutions.com
StepStone Group,Greater London,https://www.thestepstonegroup.com
Saffery,Greater London,https://www.saffery.com
Expleo UK LTD,Milton Keynes,https://find-and-update.company-information.service.gov.uk
Chartered Insurance Institute,Greater London,https://www.cii.co.uk
McCabe & Barton,London,https://mccabebarton.com
Buckinghamshire New University,High Wycombe,https://www.bucks.ac.uk
"Equifax, Inc.",Greater London,https://london.cylex-uk.co.uk
AEGIS London,Greater London,https://aegislondon.co.uk
Halian,London,https://www.halian.com
Lendable,Greater London,https://craft.co
Octopus Group,City Of London,https://octopusgroup.com
Medpace,Greater London,https://www.medpace.com
Burns Sheehan,Greater London,https://www.burnssheehan.co.uk
Paterson Simons & Co.,Brighton,https://www.patersonsimons.com
Immediate,Greater London,https://www.immediate.co.uk
Motability Foundation,Harlow,https://www.motabilityfoundation.org.uk
Commercial Services Group,West Malling,https://commercialservicesgroup.com
King's College London,Greater London,https://www.kcl.ac.uk
Student Castle,London,https://www.studentcastle.co.uk
Proactive Appointments,Staines-upon-Thames,https://www.proactive.it
E-Resourcing,Greater London,https://uk.talent.com
Save the Children UK,Greater London,https://www.savethechildren.org.uk
Datatech Analytics,Frimley,https://datatech.org.uk
Sportradar AG,Greater London,https://sportradar.com
Information Tech Consultants,Greater London,https://clutch.co
Morgansholding,Greater London,https://morgansholding.com
Templeton & Partners,Innovative & Inclusive Hiring Solutions,https://www.templeton-recruitment.com
United States Digital Space LLC,Greater London,https://www.unitedstatesdigital.space
Myn,City Of London,https://mycity.cityoflondon.gov.uk
Immediate Media Co,Greater London,https://www.immediate.co.uk
Praxis Tech,Greater London,https://praxis.tech
Viasat,Greater London,https://www.viasat.com
EasyInfoBlog.com LLC,Dunstable,https://talents.studysmarter.co.uk
Startup Talents,Greater London,https://startup.jobs
Soho House & Co.,Greater London,https://www.sohohouse.com
ManpowerGroup,Cambourne,https://www.manpowergroup.com
"HR Duo, Ltd.",Greater London,https://hrduo.com
BRITISH MEDICAL ASSOCIATION,City Of London,https://bmahouse.org.uk
Blu Digital,Greater London,https://www.blu-digital.co.uk
La Fosse,Greater London,https://www.lafosse.com
Marc Daniels,City Of London,https://www.marcdaniels.co.uk
Christie´s,Greater London,https://www.christies.com
TRIA,London,https://www.triafed.com
G-Research,Greater London,https://www.gresearch.com
Proactive.IT Appointments Ltd.,Harrow,https://www.proactive.it
Octopus Computer Associates,Greater London,https://london.cylex-uk.co.uk
Debt Register,Epsom,https://debtregister.com
Swap,Greater London,https://www.glassbob.com
Alastair LLP,Greater London,https://www.gov.uk
ReliefWeb,Greater London,https://reliefweb.int
School Result,Greater London,https://www.schoolowl.co.uk
London Borough of Camden,Camden Town,https://www.camden.gov.uk
The Nippon Telegraph and Telephone Corporation (NTT),City Of London,https://www.detailedpedia.com
Onyx-Conseil,City of Westminster,https://www.qualifiedfinder.com
HM Revenue & Customs (HMRC),"Greater London, Manchester, Bristol",https://www.gov.uk
Adecco,Greater London,https://www.adecco.com
Relay Technologies,City Of London,https://opengovuk.com
Lockton,Greater London,https://global.lockton.com
Monica Vinader,Greater London,https://www.monicavinader.com
UBDS Digital,Greater London,https://ubdsdigital.com
Reply,Alton,https://www.reply.com
Taptap Send,Greater London,https://www.taptapsend.com
Synapri,Greater London,https://www.synapri.com
Charlotte Tilbury Beauty,Greater London,https://stores.charlottetilbury.com
Magentic,Greater London,https://www.magentic.com
Huxley,City Of London,https://top100influentialpeople.com
Understanding Recruitment NFP,Greater London,https://www.understandingrecruitmentnfp.com
Indicium,Greater London,https://find-and-update.company-information.service.gov.uk
Jobtailor,Milton Keynes,https://jobtailor.co
TikTok,Greater London,https://www.mylondon.news
iProov,Greater London,https://www.iproov.com
Avanade,Greater London,https://www.avanade.com
Wise,Greater London,https://wise.com
FDM Group,London,https://www.fdmgroup.com
Newlon Housing Trust,London,https://www.newlon.org.uk
QA,London,https://www.qa.com
Trace | Expert Accountancy & Finance Recruitment,London,https://www.tracerecruit.com
Proactive Appointments,"North Acton, London",https://www.proactive.it
Harnham - Data & Analytics Recruitment,London,https://www.harnham.com
Reed,"City of London, London",https://www.reed.com
Sphere Digital Recruitment,London,https://www.spheredigitalrecruitment.com
Robert Half,London,https://www.roberthalf.com
Addition,London,https://www.editionhotels.com
Elevate Recruitment Limited,London,https://elevate-recruitment.com
4Recruitment Services,"Harlow, Essex",https://4recruitmentservices.com
ITOL Recruit,London,https://www.itolrecruit.com
ITOL Recruit,"North London, London",https://www.itolrecruit.com
ITOL Recruit,"East London, London",https://www.itolrecruit.com
ITOL Recruit,United Kingdom,https://www.itolrecruit.com
Newto Training,United Kingdom,https://newtotraining.com
Adecco,London,https://www.adecco.com
Marc Daniels,London,https://www.marcdaniels.co.uk
Consula Group LTD,London,https://find-and-update.company-information.service.gov.uk
Forward Role,London,https://www.forwardrole.com
Precise Placements,London,https://www.preciseplace.com
Marks Sattin,London,https://www.markssattin.co.uk
Adecco,"East London, London",https://www.adecco.com
Regal Brooke Limited,London,https://regalbrooke.com
Lorien,London,https://www.lorienglobal.com
Tenth Revolution Group,London,https://www.tenthrevolution.com
Sanderson,London,https://sanderson.londonhotelsgb.com
Robert Walters,London,https://www.robertwalters.co.uk
Michael Page Technology,London,https://www.michaelpage.co.uk
Morgan McKinley,London,https://www.morganmckinley.com
Venn Group,London,https://www.venngroup.com
Executive Facilities,London,https://anabas.co.uk
Carrington Recruitment Solutions Ltd,London,https://www.carringtonblakerecruitment.co.uk
Oscar Technology,London,https://www.oscar-recruit.com
ITOL Recruit,"Watford, Hertfordshire",https://www.itolrecruit.com
Hays Specialist Recruitment Limited,London,https://www.hays.co.uk
Eden James Consulting Limited,London,https://edenjames.co.uk
Pontoon,London,https://www.pontoonsolutions.com
AMS Contingent,London,https://www.weareams.com
eFinancialCareers,London,https://www.efinancialcareers.co.uk
Sizewell C,"City of London, London",https://www.sizewellc.com
Advanced Resource Managers Limited,London,https://maritime-union.com
Live Nation,London,https://www.livenation.co.uk
Rise Technical Recruitment Limited,London,https://www.risetechnical.co.uk
Jacobs,"Glasgow, Scotland, United Kingdom",https://www.jacobs.com
Jacobs,"London, England, United Kingdom",https://www.jacobs.com
Hyra,"London, England, United Kingdom",https://www.hyrauk.com
Experis UK,"Stirling, Scotland, United Kingdom",https://www.experis.co.uk
Landsec,"London Area, United Kingdom",https://www.landsec.com
Burns Sheehan,"London Area, United Kingdom",https://www.burnssheehan.co.uk
MANUAL,"London, England, United Kingdom",https://www.themanuallondon.com
Motorway,"London, England, United Kingdom",https://motorway.co.uk
WeDoData,"Plymouth, England, United Kingdom",https://haystack.cv
Ascent People Ltd,"Salford, England, United Kingdom",https://www.ascentpeople.com
Price Bailey,"Cambridge, England, United Kingdom",https://about.me
Cromwell Banks,"Solihull, England, United Kingdom",https://www.fusionpeople.com
Experis UK,"Crawley, England, United Kingdom",https://www.experis.co.uk
V7 Recruitment,"Stockport, England, United Kingdom",https://www.v7recruitment.com
Capital One,"Nottingham, England, United Kingdom",https://grokipedia.com
Proactive.IT Appointments Ltd.,"Harrow, England, United Kingdom",https://www.proactive.it
RedRock Resourcing,"Greater Bristol Area, United Kingdom",https://www.redrockresourcing.co.uk
The Gym Group,"London, England, United Kingdom",https://www.thegymgroup.com
Vertu Motors plc,"Tyne And Wear, England, United Kingdom",https://www.vertumotors.com
Nando's UK & IRE,"London Area, United Kingdom",https://www.nandos.co.uk
Find Data Science Jobs,"London, England, United Kingdom",https://finddatasciencejobs.com
Imperial College Healthcare NHS Trust,"London, England, United Kingdom",https://www.imperial.nhs.uk
Lockton,"London, England, United Kingdom",https://global.lockton.com
YouLend,"London, England, United Kingdom",https://youlend.com
Terberg Tractors Belgium,"Elland, England, United Kingdom",https://www.terbergspecialvehicles.com
B Lab,"London Area, United Kingdom",https://www.chamberofcommerce.uk
The Green Energy Advice Bureau,"Sunderland, England, United Kingdom",https://geab.com
Clearwater Analytics,"Edinburgh, Scotland, United Kingdom",https://cwan.com
Soho House & Co,"London, England, United Kingdom",https://www.sohohouse.com
Kraken,"London, England, United Kingdom",https://www.kraken.tech
Work Force Nexus,United Kingdom,https://workforcenexus.info
Prolific,"London, England, United Kingdom",https://prolificlondon.co.uk
sunday,"London, England, United Kingdom",https://grokipedia.com
The University of Manchester,"Manchester, England, United Kingdom",https://grokipedia.com
Munich Re,"London, England, United Kingdom",https://www.munichre.com
Amey,"Liverpool, England, United Kingdom",https://www.liverpoolfc.com
Optimised,"Bristol, England, United Kingdom",https://www.optimised.net
MILE,"London, England, United Kingdom",https://grokipedia.com
AvePoint,"London Area, United Kingdom",https://www.avepoint.com
Deel,"London, England, United Kingdom",https://www.deel.com
Opus Resourcing Ltd,"London Area, United Kingdom",https://www.opusresourcing.com
Muzz,"London Area, United Kingdom",https://muzz.com
The Independent,"London Area, United Kingdom",https://www.independent.co.uk
Ralph Lauren,"London, England, United Kingdom",https://www.ralphlauren.co.uk
UBS,"London, England, United Kingdom",https://www.ubs.com
Datatech Analytics,"Newcastle Upon Tyne, England, United Kingdom",https://datatech.org.uk
Greene King,"Burton Upon Trent, England, United Kingdom",https://www.greeneking.co.uk
The Celtic Collection,"Newport, Wales, United Kingdom",https://www.celtic-collection.com
Performics UK,"London, England, United Kingdom",https://www.performics.com
Royal Borough of Greenwich,"London, England, United Kingdom",https://www.royalgreenwich.gov.uk
TEKsystems,"Newcastle Upon Tyne, England, United Kingdom",https://www.teksystems.com
Opencast | B Corp™,"Newcastle Upon Tyne, England, United Kingdom",https://opencastsoftware.com
Primark,"Reading, England, United Kingdom",https://www.primark.com
11 Plus Grammar Preparation,Remote,https://11plus.io
Leading Company,"United Kingdom (UK), Singapore, Canada",https://www.theofficialboard.com
vhr Professional Services,"United Kingdom (UK), Singapore, Canada",https://www.v-hr.com
Leading Company,"United Kingdom (UK), Singapore, United States (USA)",https://www.theofficialboard.com
Chambers and Partners,London,https://chambers.com
Qualify Nation Recruitment,London,https://it-manager-jobs.com
Noir,London,https://grokipedia.com
Pulse IT Recruitment Ltd,London,https://pulseitrecruitment.co.uk
Bristow Holland,London,https://www.bristowholland.com
MLC Partners,London,https://www.mlcpartners.co.uk
VIQU IT Recruitment,London,https://viqu.co.uk
Revybe IT Recruitment Ltd,London,https://revybeit.co.uk
Parkside Office Professional,"Watford, Hertfordshire",https://www.parksiderec.com
Salt Search,London,https://welovesalt.com
The Huntsmith Limited,London,https://www.thehuntsmith.com
TXP Technology x People,London,https://www.txp.co.uk
Understanding Recruitment,"North London, London",https://www.understandingrecruitment.com
Method Resourcing,London,https://www.methodresourcing.co.uk
Searchability NS&D,London,https://searchability.co.uk
Opus Recruitment Solutions Ltd,London,https://www.opusrecruitmentsolutions.com
E-Solutions IT Services UK Ltd,London,https://www.ukcompanydir.com
Arc IT Recruitment,London,https://www.arcitrecruitment.com
Xist4,London,https://www.xist4.com
LMA Recruitment,London,https://www.lmarecruitment.co.uk
Context Recruitment Limited,London,https://contextrecruit.com
Michael Page Technology,"City of London, London",https://www.michaelpage.co.uk
WeDo Technology Solutions Limited,"Croydon, Surrey",https://find-and-update.company-information.service.gov.uk
Isio,"Croydon, Surrey",https://www.isio.com
Sagacity,London,https://www.sagacitysolutions.co.uk
ITOL Recruit,"North West London, London",https://www.itolrecruit.com
Newto Training,London,https://newtotraining.com
Morgan Hunt Recruitment,"City of London, London",https://www.morganhunt.com
ITOL Recruit,"Uxbridge, Middlesex",https://www.itolrecruit.com
ITOL Recruit,"Ilford, Essex",https://www.itolrecruit.com
ITOL Recruit,"Crayford, Kent",https://www.itolrecruit.com
ITOL Recruit,"Kingston Upon Thames, Surrey",https://www.itolrecruit.com
ITOL Recruit,"Twickenham, Middlesex",https://www.itolrecruit.com
ITOL Recruit,"Bath Road, Middlesex",https://www.itolrecruit.com
ITOL Recruit,"Harrow On The Hill, Middlesex",https://www.itolrecruit.com
ITOL Recruit,"Romford, Essex",https://www.itolrecruit.com
ITOL Recruit,"Harlow, Essex",https://www.itolrecruit.com
ITOL Recruit,"Enfield, Middlesex",https://www.itolrecruit.com
ITOL Recruit,"Widmore, Kent",https://www.itolrecruit.com
ITOL Recruit,"Sutton, Surrey",https://www.itolrecruit.com
Recruitment Solutions,"Westerham, Kent",https://www.yell.com
ITOL Recruit,"Croydon, Surrey",https://www.itolrecruit.com
ITOL Recruit,"Barking, Essex",https://www.itolrecruit.com
No1 Legal and Professional,"East London, London",https://uk.no1legalandprofessional.com
Proactive Appointments,"Staines-upon-Thames, Middlesex",https://www.proactive.it
Circle Recruitment,London,https://www.circlerecruitment.com
ITOL Recruit,"Hounslow, Middlesex",https://www.itolrecruit.com
ITOL Recruit,"Dagenham, Essex",https://www.itolrecruit.com
ITOL Recruit,"Grays, Essex",https://www.itolrecruit.com
ITOL Recruit,"Beckenham, Kent",https://www.itolrecruit.com
ITOL Recruit,"St. Albans, Hertfordshire",https://www.itolrecruit.com
Insight Select Ltd,"City of London, London",https://select.group
SGN,London,https://www.skyscanner.com
Morgan Law,London,https://london.cylex-uk.co.uk
Reed,London,https://www.reed.com
Integris,London,https://www.integriswealth.co.uk
ITOL Recruit,"West London, London",https://www.itolrecruit.com
Reed,"Chessington, Surrey",https://www.reed.com
The Guardian,London,https://www.theguardian.com
Adecco,"Wembley, London, London",https://www.adecco.com
Venn Group,"City of London, London",https://www.venngroup.com
Randstad Technologies,London,https://www.randstad.co.uk
Randstad Technologies,"Harlow, Essex",https://www.randstad.co.uk
Reed,"Southwark, London",https://www.reed.com
ADLIB,"Watford, Hertfordshire",https://talents.studysmarter.co.uk
Lightcast,"United Kingdom (UK), Italy, Spain",https://lightcast.io
Bybit,Global / Remote,https://www.bybit.com
Getlabs,Global / Remote,https://www.getlabs.com
Creative Fabrica,Global / Remote,https://www.creativefabrica.com
Finom,"Poland, United Kingdom (UK), Cyprus, Estonia, Spain",https://finom.co
Kyivstar,Ukraine,https://kyivstar.ua
Constructor.io,United Kingdom,https://constructor.com
Pirical • London,United Kingdom,https://www.pirical.com
FairwAI,United Kingdom,https://www.fairwai.co
Scale AI,United Kingdom,https://scale.com
Hulcan,"London, England, United Kingdom",https://hulcan.com
Safran Engineering Services UK Limited,"Banbury, England, United Kingdom",https://www.safran-group.com
Charlotte Tilbury,"London, England, United Kingdom",https://stores.charlottetilbury.com
Solirius Reply,"London, England, United Kingdom",https://www.solirius.com
Signal,"London, England, United Kingdom",https://grokipedia.com
Motia,"Burnley, England, United Kingdom",https://motia.com
Cluttons,"London, England, United Kingdom",https://www.cluttons.com
Incommunities,"Shipley, England, United Kingdom",https://www.incommunities.co.uk
Freebridge Community Housing,"King's Lynn, England, United Kingdom",https://www.freebridge.org.uk
Frontline Group,"Peterborough, England, United Kingdom",https://frontline-group.co.uk
DonePlus,"London, England, United Kingdom",https://www.doneplus.com
Zero100,"London, England, United Kingdom",https://zero100.com
Alexander Dennis,"Larbert, Scotland, United Kingdom",https://www.alexander-dennis.com
Runware,"TELECOMMUTE, United Kingdom",https://www.leadnear.com
Livestock Information,"TELECOMMUTE, United Kingdom",https://flexa.careers
Booksy,"TELECOMMUTE, United Kingdom",https://careers.booksy.com
Zego,"London, England, United Kingdom",https://www.zego.com
Janus Henderson,"London, England, United Kingdom",https://www.janushenderson.com
Prop Firm Match Global – FZCO,"TELECOMMUTE, United Kingdom",https://apply.workable.com
Capitex,"London, England, United Kingdom",https://capitexgroup.com
G MASS,"London, England, United Kingdom",https://www.gmassconsulting.com
Capitex,"TELECOMMUTE, London, England, United Kingdom",https://capitexgroup.com
Capitex,"TELECOMMUTE, United Kingdom",https://capitexgroup.com
Steer,"Hemel Hempstead, England, United Kingdom",https://steergroup.com
Steer,"Leeds, England, United Kingdom",https://steergroup.com
Steer,"Birmingham, England, United Kingdom",https://steergroup.com
Steer,"Manchester, England, United Kingdom",https://steergroup.com
Steer,"London, England, United Kingdom",https://steergroup.com
Hack The Box,"London, England, United Kingdom",https://ctf.hackthebox.com
Vanier,"London, ON",https://www.vanier.com
Investa,"London Area, United Kingdom",https://www.investa-london.co.uk
Freetrade,"London, England, United Kingdom",https://freetrade.io
Letly,"London, England, United Kingdom",https://find-and-update.company-information.service.gov.uk
Corevia Search,"London Area, United Kingdom",https://find-and-update.company-information.service.gov.uk
nPlan,"London, England, United Kingdom",https://find-and-update.company-information.service.gov.uk
BAE Systems,"London, England, United Kingdom",https://www.baesystems.com
Xero,"London, England, United Kingdom",https://www.xero.com
BigHand,"London, England, United Kingdom",https://find-and-update.company-information.service.gov.uk
Unity,"Brighton, England, United Kingdom",https://www.mmoser.com
Longshot Systems,"London, England, United Kingdom",https://find-and-update.company-information.service.gov.uk
Spendesk,"London, England, United Kingdom",https://career.spendesk.com
MANUAL,"London, England, United Kingdom",https://www.themanuallondon.com
Quantexa,"London, England, United Kingdom",https://www.quantexa.com
Deliveroo,"London, England, United Kingdom",https://deliveroo.co.uk
Cisco,"London, England, United Kingdom",https://www.cisco.com
Compare the Market,"London, England, United Kingdom",https://www.comparethemarket.com
Cloudflare,"Greater London, England, United Kingdom",https://www.cloudflare.com
Fortice,"London Area, United Kingdom",https://workingincontent.com
Stott and May,"London Area, United Kingdom",https://www.stottandmay.com
Stripe,"London, England, United Kingdom",https://stripe.com
CGI,"London, England, United Kingdom",https://www.cgi.com
Wise,"London, England, United Kingdom",https://wise.com
Proactive.IT Appointments Ltd.,"Reading, England, United Kingdom",https://www.proactive.it
Emma - we are hiring!,"Islington, England, United Kingdom",https://uk.jooble.org
Our Future Health UK,"London, England, United Kingdom",https://ourfuturehealth.org.uk
G-Research,"London Area, United Kingdom",https://www.gresearch.com
Akeneo,"London, England, United Kingdom",https://www.akeneo.com
Lockheed Martin,"Ampthill, England, United Kingdom",https://www.lockheedmartin.com
CreatePay,"Milton Keynes, England, United Kingdom",https://www.createpay.com
Clearwater Analytics,"London, England, United Kingdom",https://cwan.com
Adaptyv,"London, England, United Kingdom",https://www.adaptyvbio.com
Revoco,"London Area, United Kingdom",https://www.revocohealthcare.com
JD.COM,"Greater London, England, United Kingdom",https://www.thetimes.com
Elwood,"London, England, United Kingdom",https://elwoodlondon.co
Lloyds Banking Group,"London, England, United Kingdom",https://www.lloydsbankinggroup.com
Motorola Solutions,"Uxbridge, England, United Kingdom",https://www.motorolasolutions.com
Haystack,"London Area, United Kingdom",https://haystack.cv
Fionics,"London Area, United Kingdom",https://fionics.io
Practicus,"London Area, United Kingdom",https://bebee.com
Zopa Bank,"London, England, United Kingdom",https://cwg.com
Raylo,"London Area, United Kingdom",https://app.welcometothejungle.com
Aspect Capital,"London Area, United Kingdom",https://www.aspectcapital.com
Auth21,"London, England, United Kingdom",https://bebee.com
eg technology Ltd,"Cambridge, England, United Kingdom",https://www.egtechnology.co.uk
Granola,"London, England, United Kingdom",https://www.abouttimemagazine.co.uk
Vercel,"London, England, United Kingdom",https://vercel.com
Lovable,"London Area, United Kingdom",https://londonrelocation.com
Prima,"London, England, United Kingdom",https://www.prima.co.uk
Expedia Group,"London, England, United Kingdom",https://careers.expediagroup.com
Harrington Starr,"London Area, United Kingdom",https://www.harringtonstarr.com
Investa,"London Area, United Kingdom",https://tracxn.com
Freetrade,"London, England, United Kingdom",https://freetrade.io
Letly,"London, England, United Kingdom",https://letly.ai
Corevia Search,"London Area, United Kingdom",https://www.coreviasearch.com
Dexters,"Teddington, England, United Kingdom",https://www.dexters.co.uk
nPlan,"London, England, United Kingdom",https://app.welcometothejungle.com
Initialize,"West Sussex, England, United Kingdom",https://bebee.com
BAE Systems,"London, England, United Kingdom",https://www.baesystems.com
microTECH Global LTD,"Greater London, England, United Kingdom",https://haystackapp.io
Qualcomm,"Farnborough, England, United Kingdom",https://www.qualcomm.com
Xero,"London, England, United Kingdom",https://www.xero.com
Proximal,"San Francisco, CA",https://www.proximal.so
BigHand,"London, England, United Kingdom",https://www.netlawmedia.com
Dimensional Insight,"Cambridge, MA",https://www.dimins.com
Karen Clark & Company,"Boston, MA 02116",https://www.karenclarkandco.com
Unity,"Brighton, England, United Kingdom",https://unity.com
LeadingAgile,"Duluth, GA 30097",https://www.mapquest.com
Longshot Systems,"London, England, United Kingdom",https://www.longshotsystems.co.uk
ClearBlade,"Austin, TX 78744",https://www.clearblade.com
Spendesk,"London, England, United Kingdom",https://www.spendesk.com
"BLOC Resources, LLC","Birmingham, AL 35243",https://blocresources.com
MANUAL,"London, England, United Kingdom",https://help.manual.co
Quantexa,"London, England, United Kingdom",https://londontechweek.com
PMG Global,"Herndon, VA 20171",https://rocketreach.co
Deliveroo,"London, England, United Kingdom",https://www.reddit.com
MEDINVENTIVE,"Lafayette, CO 80026",https://seamless.ai
Cisco,"London, England, United Kingdom",https://www.cisco.com
Ron Turley Associates LLC,"Helena, GA 31037",https://route4me.com
DISH Network LLC,"Christiansburg, VA 24068",https://www.dish.com
The Walt Disney Company (Corporate),"Glendale, CA 91201",https://thewaltdisneycompany.com
Compare the Market,"London, England, United Kingdom",https://www.comparethemarket.com
Brooksource,"Scottsdale, AZ 85257",https://www.brooksource.com
Synapse Studios,"Tempe, AZ 85281",https://synapsestudios.com
ilocatum,"Long Island, NY",https://ilocatum.com
Cloudflare,"Greater London, England, United Kingdom",https://builtin.com
Hewlett Packard Enterprise,"San Juan, PR 00918",https://www.bizapedia.com
Fortice,"London Area, United Kingdom",https://workingincontent.com
Leoforce,"Torrance, CA",https://bebee.com
Stott and May,"London Area, United Kingdom",https://www.stottandmay.com
Motive Energy Storage Solutions,"Victorville, CA 92394",https://network.procore.com
PY DATA INC,"Piscataway, NJ 08854",https://pydatainc.com
Techzion IT Solutions,"Sanford, FL",https://techzionit.com
Stripe,"London, England, United Kingdom",https://stripe.com
Dyneti,"San Mateo, CA",https://www.ycombinator.com
StorageMart | MMS,"Columbia, MO 65203",https://www.storage-mart.com
CGI,"London, England, United Kingdom",https://www.cgi.com
Modern Life,"New York, NY",https://www.modernlife.com
HRKSolutions,"Frisco, TX 75034",https://www.chamberofcommerce.com
Wise,"London, England, United Kingdom",https://wise.com
Proactive.IT Appointments Ltd.,"Reading, England, United Kingdom",https://www.proactive.it
Salesforce,"Bellevue, WA 98004",https://www.salesforce.com
Emma - we are hiring!,"Islington, England, United Kingdom",https://uk.jooble.org
NBCUniversal,"New York, NY 10112",https://www.nbcuniversal.com
Expedient,United States,https://expedient.com
Tano Digital,"San Jose, CA 95128",http://www.tanodigital.com
Our Future Health UK,"London, England, United Kingdom",https://ourfuturehealth.org.uk
Autodesk,California,https://www.autodesk.com
TMS International LLC,"Hammond, IN 46323",https://www.tmsinternational.com
Divergent Thinking Engineering Corp,"Rockville, MD 20850",https://www.divergenttec.com
G-Research,"London Area, United Kingdom",https://www.gresearch.com
Akeneo,"London, England, United Kingdom",https://www.akeneo.com
Lockheed Martin,"Ampthill, England, United Kingdom",https://www.lockheedmartin.com
Hyperbound,"San Francisco, CA",https://tracxn.com
CreatePay,"Milton Keynes, England, United Kingdom",https://www.createpay.com
Meijer,"Grand Rapids, MI 49544",https://www.meijer.com
Clearwater Analytics,"London, England, United Kingdom",https://cwan.com
Adaptyv,"London, England, United Kingdom",https://www.londondaily.news
Candor Infotech,"Sammamish, WA",http://www.candorinfo.com
App Perfect,"Sunnyvale, CA 94085",http://www.appperfect.com
Revoco,"London Area, United Kingdom",https://www.revoco-talent.co.uk
Intellitech Corporation,"Rochester, NH 03867",https://www.intellitech.com
HORIBA Instruments,"Piscataway, NJ 08854",https://www.horiba.com
JD.COM,"Greater London, England, United Kingdom",https://www.propertyweek.com
Elwood,"London, England, United Kingdom",https://elwoodlondon.co
Maxpro,"Farmington Hills, MI",https://www.dnb.com
JD Software Inc.,"Salem, MA 01970",https://leadiq.com
GOCOOL,"Puyallup, WA 98373",http://www.gocoolinc.com
Green Hills Software,"Santa Barbara, CA 93101",https://www.ghs.com
Simplex Trading,"Chicago, IL",https://simplextrading.com
InfoSmart Systems,"San Jose, CA",http://www.infosmartsys.com
Zeropoint Dynamics,"Chapel Hill, NC",https://www.zeropointdynamics.com
Garda Capital Partners,"New York, NY",https://www.gardacp.com
AnySignal,"Los Angeles, CA",https://www.anysignal.com
VROne inc,"Jersey City, NJ",http://www.vroneinc.com
ABOTTS,"Irvine, CA",https://abotts.com
MeritFirst,"Austin, TX",https://www.meritfirst.us
Valkyrie Trading,"Chicago, IL 60605",https://www.allbiz.com
Eniac Systems,"Edison, NJ 08817",http://www.eniacsys.com
Tesla,"Fremont, CA",https://grokipedia.com
Agiletal,"Herndon, VA 20170",https://www.agiletal.com
North Star Imaging,"Rogers, MN 55374",https://www.chamberofcommerce.com
Closinglock,"Austin, TX 78701",https://www.closinglock.com
Honeywell Aerospace,"Aguadilla, PR",https://www.cybo.com
TE Connectivity,"Webster, NY 14580",https://www.te.com
Caterpillar,"Chicago, IL 60622",https://www.caterpillar.com
Brandes Associates Inc.,"Point Mugu, CA",https://www.brandesassociates.com
Wizcom Corporation,"Princeton Junction, NJ 08550",https://www.wizcom.com
Moody's,"Newark, CA",https://www.moodys.com
ASTi,United States,https://www.vivino.com
"Interclypse, Inc.","Aurora, CO",https://interclypse.com
USAA,"San Antonio, TX",https://www.usaa.com
Namitus Technologies,"Frisco, TX",https://namitus.com
XO Energy,"St Thomas, VI",http://www.xo-energy.com
Hyadestechinc,"Santa Clara, CA",http://hyadestechinc.com
SecureBio,"Cambridge, MA",https://securebio.org
Nava,"San Francisco, CA 94111",https://tracreports.org
Dartmouth College,"Hanover, NH",https://admissions.dartmouth.edu
Siemens,"Minnetonka, MN 55305",https://www.siemens.com
Trans Techno Infoway,"Cypress, CA 90630",https://www.chamberofcommerce.com
Emergtech Business Solutions,"Farmington Hills, MI 48335",https://www.emergtechinc.com
Truist Bank,"Atlanta, GA 30309",https://www.truist.com
Listia,"San Francisco Bay Area, CA",https://www.listia.com
Torq Consulting,"Plano, TX",https://senderoconsulting.com
Strategic Healthcare Programs,"Goleta, CA 93117",https://www.shpdata.com
Cimarron Software,"Houston, TX 77058",https://www.cimarroninc.com
North.Cloud,"Brooklyn, NY 11201",https://north.cloud
Partly • Christchurch,London UK,https://find-and-update.company-information.service.gov.uk
Partly,London UK,https://find-and-update.company-information.service.gov.uk
Quaisr,"London, England",https://quaisr.com
Affirm,"London, England",https://www.affirm.com
The Orange Box,"London, England",https://orangebox.com
The Institute of Cancer Research,"London, England",https://www.icr.ac.uk
Squid It,United Kingdom,https://squidit.nl
Technology Development Group,"London, England",https://www.companieslist.co.uk
Cantor Fitzgerald,"London, England",https://www.cantor.com
Plasma,"London, England",https://www.plasashow.com
The Scout Association,United Kingdom,https://www.scouts.org.uk
Anthropic,"London, England",https://www.anthropic.com
Consilience Media,"London, England",https://find-and-update.company-information.service.gov.uk
Adaptyv Biosystems,"London, England",https://www.londondaily.news
Metropolitan Police Service,"London, England",https://www.met.police.uk
Teambow,"London, England",https://www.teambow.uk
JPMorganChase,"London, England",https://www.jpmorganchase.com
Coordinated Care Continuum (3C),United Kingdom,https://www.cqc.org.uk
BBC,"London, England",https://grokipedia.com
Appdrawn,"Watford, East of England, England",https://www.appdrawn.com
Ramp Network,United Kingdom,https://ramp.com
Normal Computing,United Kingdom,https://www.normalcomputing.com
Decagon,"London, England",https://decagon.ai
Interpham Consulting Services,"Luton, East of England, England",https://interphamconsulting.com
Edenred,United Kingdom,https://www.edenred.com
Amazon,United Kingdom,https://www.amazon.co.uk
BLP Digital,"London, England",https://blp.digital
Our Future Health,"London, England",https://ourfuturehealth.org.uk
KoBold Metals,"London, England",https://koboldmetals.com
Suede,United Kingdom,https://www.suede.co.uk
Marriott International,"Hemel Hempstead, England",https://www.bizseek.co.uk
Fanvue,"London, England",https://www.fanvue.com
Legora,United Kingdom,https://legora.com
Paymentology,United Kingdom,https://www.paymentology.com
BAFTA,United Kingdom,https://www.bafta.org
RMG Digital,"London, England",https://www.rmgdigital.io
McKinsey & Company,"London, England",https://www.mckinsey.com
Durlston Partners,"London, England",https://durlstonpartners.com
Scrumconnect,"London, England",https://www.scrumconnect.com
RELX,"Richmond, London, England",https://relxnow.com
Euphoric Colors,"London, England",https://euphoriccolors.com
Imperial College London,"South Kensington, England",https://www.imperial.ac.uk
Everfox,"London, England",https://www.everfox.com
Xelix,"London, England",https://xelix.com
Alpaca,"London, England",https://londonalpacas.co.uk
Heidi,"London, England",https://www.heidilondon.com
Bounteous,"London, England",https://www.bounteous.com
Comind,"London, England",https://www.comind.io
Calimaps Health Technology UK,"London, England",https://www.simplyhired.co.uk
Leading Company,"Australia, Canada, United Kingdom (UK)",https://www.f6s.com
Wenup,Remote,https://wellfound.com
Security Wizardry Radar Page,Farnborough,https://radar.securitywizardry.com
iO Associates,Basingstoke,https://www.ioassociates.co.uk
Synergy Solutions International Limited,City Of London,http://synergysolution.co.uk
Sanderson,Greater London,https://morgansoriginals.com
Salience Labs,Abingdon,https://www.saliencelabs.ai
Apple,Greater London,https://www.apple.com
ivee,Greater London,https://ivee.jobs
Abstract Leap,Oxford,https://www.abstractleap.com
United States Digital Space LLC,Greater London,https://www.unitedstatesdigital.space
OpenSource,Greater London,https://www.f6s.com
The Wave,Taplow,https://www.kravet.com
Tesco PLC,Welwyn Garden City,https://www.tesco.com
DeepL GmbH,Greater London,https://www.deepl.com
Wave Group,Maidenhead,https://wave-group.io
Synamedia,Chilworth,https://www.science-park.co.uk
Meta,Greater London,https://londondaily.com
Arch Insurance (UK) Limited,Greater London,https://insurance.archgroup.com
Made Tech Limited,Greater London,https://www.madetech.com
Academy Education Network Ltd,Greater London,https://www.academyeducationnetwork.co.uk
MBDA UK Ltd,Stevenage,https://mbda.guidantglobal.com
Apple Inc.,Greater London,https://www.apple.com
Goldman Sachs,Greater London,https://pwm.gs.com
Humand Talent,Oxford,https://humand.co.uk
Oscar,Bromley,https://www.soccerassociation.com
Adria Solutions Ltd,Cambridge,https://www.adriasolutions.co.uk
Rise Technical Recruitment Limited,Stevenage,https://www.risetechnical.com
Pace XL Ltd.,Cambridge,https://pace-xl.com
Lorien,Stevenage,https://www.lorienglobal.com
Netcompany Group,Greater London,https://www.officelovin.com
FlexTrade,City Of London,https://flextrade.com
TRIA,Greater London,https://www.triarecruitment.com
Cambridge Aerospace,Cambridge,https://www.cambridgeaerospace.com
Ultra,Maidenhead,https://www.ultra-ic.com
Ema,Greater London,https://www.ema.europa.eu
LinuxRecruit,London,https://rocketreach.co
Utility Warehouse,Greater London,https://firmania.co.uk
Spirit IT Services Ltd,Greater London,https://spirititservices.co.uk
Flight Agencies,Greater London,https://threebestrated.co.uk
TransPerfect,Greater London,https://www.transperfect.com
Intellect Group,Leeds,https://www.intellectgroup.co.uk
Alexander Associates Technical Recruitment,Greater London,https://alexander-assoc.co.uk
Content Guru,Bracknell,https://bracknell.cylex-uk.co.uk
Sponsor ComplIANS,Greater London,https://sponsorcomplians.com
RBS,Greater London,https://rbs.banklocationmaps.com
IC Resources,Cambridge,https://www.cambridgeic.com
Harnham,Greater London,https://www.harnham.com
Sagentia Defence,Harston,https://sagentia.com
Axia,City Of London,https://www.axialondon.com
Indra Group UK & Ireland,Redhill,https://www.indragroup.co.uk
Ki,Greater London,https://www.opentable.com
Crown Agents Bank,Greater London,https://www.crownagentsbank.com
TESTQ Technologies Limited,Greater London,https://testqtech.com
Amodo Design,Greater London,https://amododesign.com
Content Guru Limited,Bracknell,https://bracknell.cylex-uk.co.uk
Premier Group,City Of London,https://www.lpgroupuk.com
Sanderson Government & Defence,Greater London,https://www.sandersonplc.com
Optek Systems Inc.,Abingdon,https://optek.humaneticsgroup.com
CFC,City Of London,https://www.cfc.com
IBM Computing,Greater London,https://www.ibm.com
Client Server,St Albans,https://www.client-server.com
Roku,Cambridge,https://www.weareroku.com
Softwire,Greater London,https://london.cylex-uk.co.uk
Tec Partners Recruitment Ltd,Enfield,https://www.tecpartners.co.uk
Battenhall,Greater London,https://www.battenhall.com
"Yoh, A Day & Zimmermann Company",Newbury,https://www.yoh.com
DC Thomson,Greater London,https://www.dcthomson.co.uk
Acquire Me,Greater London,http://acquire.me
Concurrent Technologies Plc,Theale,https://concurrent.tech
"Nominal, Inc",Greater London,https://nominallondon.com
Selby Jennings,London,https://www.selbyjennings.com
Ventula Consulting,Greater London,https://ventula.co.uk
Sagentia,Cambourne,https://sagentia.com
Leonardo,Luton,https://uk.leonardo.com
Infinity Quest,Burgess Hill,https://i-q.co
Velocity Tech,London,https://www.velocity-tech.co
Pertemps Specialist Talent Solutions,Enfield,https://www.pertemps.co.uk
TMP & Associates Ltd,Sunbury-on-Thames,https://taptalent.ai
Hamiltonian Dynamics,Greater London,https://www.hdcorp.co.uk
Information Tech Consultants,Greater London,https://clutch.co
Accelero,Reading,https://accelareader.com
Consortia,Greater London,https://www.consortia.com
R3vamp,Reading,https://www.r3vamp.co.uk
MainframeMaster,Newbury,https://www.mainframemaster.com
JAM Recruitment Ltd,Greater London,https://www.jam-talent.com
Code Compass ?,Cambridgeshire and Peterborough,https://codecompass.net
CSL Benelux-DACH,Watford,https://www.csl-group.com
Newton Colmore Consulting,Cambridge,https://newtoncolmore.com
Daintta,Greater London,https://daintta.com
Corriculo,Oxford,https://corriculo.co.uk
Multimatic,Cambridge,https://www.multimatic.com
SMS Superior Maintenance Solutions,Greater London,https://www.datanyze.com
Checkout Ltd,Greater London,https://www.checkout.com
Booking.com,City Of London,https://www.booking.com
Oho Group,Greater London,https://www.oho.co.uk
Metric Bio,Oxford,https://metricbio.tech
Cortech Talent Solutions Ltd,Littlehampton,https://cortechtalentsolutions.co.uk
Spectrum IT Recruitment,City Of London,https://www.spectrumit.co.uk
Deccanenterprise,Greater London,https://talents.studysmarter.co.uk
LSEG,Greater London,https://www.lseg.com
DCV Technologies,Greater London,https://london.cataloxy.co.uk
Smiths Group plc.,Hemel Hempstead,https://www.smithsdetection.com
Preservica,Abingdon,https://preservica.com
Simple Machines,Greater London,https://opencorpdata.com
Acrobat Talent,Greater London,https://www.acrobat-talent.com
Sreeyam Soft Pvt Ltd,Greater London,https://talents.studysmarter.co.uk
Arm,Cambridge,https://www.arm.com
Applied Intuition,Greater London,https://www.appliedintuition.com
Vanta,Greater London,https://securitysenses.com
EngineersOfAI,Greater London,https://engineersofai.com
FlightStory,Greater London,https://flightstory.teamtailor.com
Innovate Recruitment Ltd,Redhill,https://www.weinnovatetalent.com
SoCode Limited,Cambridge,https://www.socode.co.uk
Experis,ManpowerGroup,https://www.manpowergroup.com
Outsource UK,Rochester,https://www.outsource-uk.co.uk
Decisal,Greater London,https://www.decisal.com
Anglian Water Group Ltd.,Greater London,https://www.anglianwatergroup.co.uk
Accenture,Leeds,https://accenture.pinpointhq.com
Hunter Bond,London,https://www.hunterbond.com
Foresight Data Machines Ltd,Greater London,https://find-and-update.company-information.service.gov.uk
慨正橡扯,Uxbridge,https://myoji-yurai.net
Aurora Energy Research,EMEA,https://auroraer.com
Software Careers,Greater London,https://www.it-jobs.co.uk
develop,Milton Keynes,https://www.milton-keynes.gov.uk
Oliver Bernard,London,https://oliverbernard.com
1120 NG UK Limited.,City of Westminster,https://www.westminster.gov.uk
Motion Applied,Woking,https://www.motionapplied.com
Quectel,Remote,https://www.quectel.com
Traackr,Global / Remote,https://www.traackr.com
Ladders Inc.,Global / Remote,https://www.theladders.com
Ubiminds,Global / Remote,https://ubiminds.com
Federato,Global / Remote,https://www.bestremotejobs.com
ITOL Recruit,United Kingdom,https://www.itolrecruit.com
Sustain Recruit,Hertfordshire,https://sustainrecruit.com
Akkodis,Hertfordshire,https://www.akkodis.com
SDL Solutions Limited,"Stevenage, Hertfordshire",https://haystackapp.io
Certain Advantage,"Stevenage, Hertfordshire",https://www.certainadvantage.co.uk
